,0,1,2
0,2022-09-02 01:04:00,215,Nel
1,2022-09-02 01:00:00,198,切り抜きまとめch
2,2022-09-02 00:56:00,182,ぶいすぽっ！ 雑談切り抜き
3,2022-09-02 00:00:00,283,きゅぴぬき@神成きゅぴ切り抜き
4,2022-09-01 23:53:00,266,ぶいすぽまとめ
5,2022-09-01 20:00:00,139,切り抜きまとめch
6,2022-09-01 19:53:00,173,ぶいすぽエマ生活
7,2022-09-01 19:52:00,178,ぶいすぽエマ生活
8,2022-09-01 18:19:00,189,Renri
9,2022-09-01 17:07:00,188,Ush Order Subs
10,2022-09-01 16:05:00,165,Vtuber resistance-Eng sub
11,2022-09-01 10:08:00,168,切り抜かせてください
12,2022-09-01 10:03:00,168,切り抜かせてください
13,2022-09-01 08:32:00,456,Slice of Vspo
14,2022-09-01 06:11:00,481,ぶいすぽエマ生活
15,2022-09-01 04:30:00,196,ぶいすぽ切り抜き隊【ぶいすぽっ!の切り抜き】
16,2022-09-01 04:30:00,60,ぶいすぽ切り抜き隊【ぶいすぽっ!の切り抜き】
17,2022-09-01 04:15:00,528,ぶいすぽ切り抜き部【切り抜き】
18,2022-09-01 04:05:00,454,ぶいすぽっ!クリップ
19,2022-09-01 03:35:00,55,X-ray VSPO!【Eng Sub】
20,2022-09-01 03:06:00,220,ガルお【切り抜き】
21,2022-09-01 03:00:00,120,すみれの部屋【花芽すみれ・ぶいすぽ切り抜き】
22,2022-09-01 03:00:00,331,きりぬきっ!!
23,2022-09-01 02:30:00,536,ぶいスタジオ
24,2022-09-01 02:17:00,149,【 Vtuber Clips 】んまった
25,2022-09-01 02:11:00,508,推し活【Vtuber切り抜き】
26,2022-09-01 01:57:00,199,かみとのはさみ【かみと切り抜き】
27,2022-09-01 01:45:00,231,ぶいすぽまとめ
28,2022-09-01 01:15:00,236,Nel
29,2022-09-01 01:00:00,421,ぶいすぽっ！ 雑談切り抜き
30,2022-09-01 00:00:00,273,きゅぴぬき@神成きゅぴ切り抜き
31,2022-08-31 23:43:00,604,ホロライブ切り抜き / マイP
32,2022-08-31 21:19:00,194,Vspo!【Eng Clip】
33,2022-08-31 20:30:00,269,ぶいすぽを切り抜くカニ
34,2022-08-31 19:45:00,103,ぶいすぽまとめ
35,2022-08-31 18:58:00,143,kanaway
36,2022-08-31 15:07:00,251,ぶいすぽエマ生活
37,2022-08-31 10:30:00,139,ぶいすぽ部 切り抜きチャンネル
38,2022-08-31 10:30:00,380,ぶいすぽ切り抜き部【切り抜き】
39,2022-08-31 10:25:00,175,ぶいすぽ切り抜き
40,2022-08-31 10:21:00,192,ぶいすぽエマ生活
41,2022-08-31 09:06:00,378,ぶいすぽっ!クリップ
42,2022-08-31 08:08:00,526,ある【ぶいすぽ切り抜き】
43,2022-08-31 08:05:00,335,Ush Order Subs
44,2022-08-31 07:55:00,215,ガルお【切り抜き】
45,2022-08-31 06:38:00,143,ぶいすぽエマ生活
46,2022-08-31 05:32:00,288,ぶいすぽエマ生活
47,2022-08-31 05:20:00,241,ぶいすぽエマ生活
48,2022-08-31 04:45:00,384,切り抜きチャンネル
49,2022-08-31 04:33:00,324,ぶいスタジオ
50,2022-08-31 03:37:00,332,What I Like Subs
51,2022-08-31 03:00:00,131,すみれの部屋【花芽すみれ・ぶいすぽ切り抜き】
52,2022-08-31 03:00:00,333,きりぬきっ!!
53,2022-08-31 02:00:00,135,ぶいすぽまとめ
54,2022-08-31 01:30:00,714,ぶいの切り抜き猫
55,2022-08-31 00:49:00,275,R Subs
56,2022-08-31 00:06:00,338,かみとのはさみ【かみと切り抜き】
57,2022-08-30 22:31:00,224,きりぬき魂【ぶいすぽ切り抜き】
58,2022-08-30 21:50:00,200,ぶいすぽエマ生活
59,2022-08-30 21:08:00,351,ぶいすぽエマ生活
60,2022-08-30 20:30:00,220,ぶいすぽを切り抜くカニ
61,2022-08-30 19:45:00,124,ぶいすぽまとめ
62,2022-08-30 19:18:00,348,ぶいすぽっ!クリップ
63,2022-08-30 18:56:00,1589,クロム
64,2022-08-30 18:46:00,518,ぶいすぽエマ生活
65,2022-08-30 17:52:00,1589,クロム
66,2022-08-30 17:00:00,165,Renri
67,2022-08-30 16:24:00,446,ぶいすぽ切り抜き部【切り抜き】
68,2022-08-30 13:00:00,390,ぶいすぽエマ生活
69,2022-08-30 12:10:00,157,ぶいすぽエマ生活
70,2022-08-30 12:00:00,376,ぶいすぽっ!クリップ
71,2022-08-30 04:59:00,446,ぶいすぽ切り抜き部【切り抜き】
72,2022-08-30 04:30:00,60,ぶいすぽ切り抜き隊【ぶいすぽっ!の切り抜き】
73,2022-08-30 04:30:00,120,ぶいすぽ切り抜き隊【ぶいすぽっ!の切り抜き】
74,2022-08-30 03:30:00,3918,ぶいスタジオ
75,2022-08-30 03:20:00,111,茶漬け【V切り抜きチャンネル】
76,2022-08-30 03:00:00,197,すみれの部屋【花芽すみれ・ぶいすぽ切り抜き】
77,2022-08-30 03:00:00,311,きりぬきっ!!
78,2022-08-30 03:00:00,458,ぶいすぽ部 切り抜きチャンネル
79,2022-08-30 02:22:00,253,ぶいすぽっ!クリップ
80,2022-08-30 02:00:00,170,ぶいすぽまとめ
81,2022-08-30 01:30:00,713,ぶいの切り抜き猫
82,2022-08-30 00:43:00,151,かみとのはさみ【かみと切り抜き】
83,2022-08-30 00:40:00,305,Nel
84,2022-08-30 00:24:00,214,ぶいすぽっ！ 雑談切り抜き
85,2022-08-30 00:24:00,103,Renri
86,2022-08-30 00:00:00,175,きゅぴぬき@神成きゅぴ切り抜き
87,2022-08-29 23:49:00,2491,yd_
88,2022-08-29 23:02:00,928,ぶいすぽっ!クリップ
89,2022-08-29 22:54:00,1399,推し活【Vtuber切り抜き】
90,2022-08-29 21:55:00,354,ぶいすぽエマ生活
91,2022-08-29 21:36:00,146,ガルお【切り抜き】
92,2022-08-29 21:21:00,287,ぶいすぽエマ生活
93,2022-08-29 21:11:00,118,Renri
94,2022-08-29 20:37:00,450,きりぬき魂【ぶいすぽ切り抜き】
95,2022-08-29 20:00:00,138,ぶいすぽまとめ
96,2022-08-29 19:15:00,136,ぶいすぽ切り抜き
97,2022-08-29 17:47:00,699,白瀬【にじさんじ切り抜き】
98,2022-08-29 15:30:00,242,切り抜きチャンネル
99,2022-08-29 15:00:00,505,切り抜きチャンネル
100,2022-08-29 12:25:00,145,VTLOVE【切り抜き隊】
101,2022-08-29 08:44:00,108,VTLOVE【切り抜き隊】
102,2022-08-29 06:58:00,564,ぶいすぽ切り抜き部【切り抜き】
103,2022-08-29 06:40:00,284,ぶいすぽっ!クリップ
104,2022-08-29 06:10:00,233,ばーちゃる【切り抜き】
105,2022-08-29 05:08:00,252,ある【ぶいすぽ切り抜き】
106,2022-08-29 05:07:00,230,ガルお【切り抜き】
107,2022-08-29 04:00:00,54,X-ray VSPO!【Eng Sub】
108,2022-08-29 03:16:00,247,ぶいすぽっ！ 雑談切り抜き
109,2022-08-29 03:00:00,326,きりぬきっ!!
110,2022-08-29 03:00:00,625,Otaku-kun subs
111,2022-08-29 03:00:00,151,すみれの部屋【花芽すみれ・ぶいすぽ切り抜き】
112,2022-08-29 02:49:00,114,茶漬け【V切り抜きチャンネル】
113,2022-08-29 02:30:00,251,ぶいスタジオ
114,2022-08-29 02:23:00,493,白瀬【にじさんじ切り抜き】
115,2022-08-29 01:46:00,421,かみとのはさみ【かみと切り抜き】
116,2022-08-29 01:30:00,142,すぽすぴ【切り抜き】
117,2022-08-29 01:04:00,109,ぶいすぽっ!クリップ
118,2022-08-28 22:28:00,233,Nel
119,2022-08-28 22:02:00,586,白瀬【にじさんじ切り抜き】
120,2022-08-28 21:37:00,133,Renri
121,2022-08-28 19:45:00,131,ぶいすぽまとめ
122,2022-08-28 19:23:00,192,kanaway
123,2022-08-28 17:30:00,1239,Towa Clips
124,2022-08-28 16:36:00,1384,ある【ぶいすぽ切り抜き】
125,2022-08-28 10:02:00,704,ぶいすぽっ!クリップ
126,2022-08-28 09:52:00,154,ガルお【切り抜き】
127,2022-08-28 09:51:00,159,ガルお【切り抜き】
128,2022-08-28 09:51:00,236,ここすき保管所【ぶいすぽ切り抜き】
129,2022-08-28 09:31:00,443,Ush Order Subs
130,2022-08-28 05:45:00,948,推し活【Vtuber切り抜き】
131,2022-08-28 04:30:00,106,ぶいすぽ切り抜き隊【ぶいすぽっ!の切り抜き】
132,2022-08-28 04:30:00,58,ぶいすぽ切り抜き隊【ぶいすぽっ!の切り抜き】
133,2022-08-28 03:35:00,827,ぶいすぽエマ生活
134,2022-08-28 03:00:00,292,きりぬきっ!!
135,2022-08-28 03:00:00,133,すみれの部屋【花芽すみれ・ぶいすぽ切り抜き】
136,2022-08-28 02:30:00,630,ぶいスタジオ
137,2022-08-28 00:00:00,137,きゅぴぬき@神成きゅぴ切り抜き
138,2022-08-27 23:00:00,121,ぶいすぽまとめ
139,2022-08-27 22:54:00,214,ぶいすぽっ！ 雑談切り抜き
140,2022-08-27 21:00:00,258,ぶいすぽを切り抜くカニ
141,2022-08-27 21:00:00,228,Vが大好き
142,2022-08-27 20:58:00,266,ぶいすぽっ!クリップ
143,2022-08-27 20:58:00,93,Renri
144,2022-08-27 19:59:00,51,rinrinz
145,2022-08-27 19:31:00,57,Vspo!【Eng Clip】
146,2022-08-27 18:30:00,543,ぶいすぽ切り抜き部【切り抜き】
147,2022-08-27 09:51:00,281,ある【ぶいすぽ切り抜き】
148,2022-08-27 09:08:00,342,ぶいすぽエマ生活
149,2022-08-27 08:35:00,152,ぶいすぽエマ生活
