,Date,Duration,ChannelName
457,2022-10-10 00:00:00.000000,232,きゅぴぬき@神成きゅぴ切り抜き
456,2022-10-10 01:00:00.000000,212,ガルお【切り抜き】
455,2022-10-10 01:30:00.000000,643,ぶいの切り抜き猫
454,2022-10-10 02:38:00.000000,227,Renri
452,2022-10-10 03:00:00.000000,273,すみれの部屋【花芽すみれ・ぶいすぽ切り抜き】
453,2022-10-10 03:00:00.000000,331,きりぬきっ!!
451,2022-10-10 03:10:00.000000,763,推し活【Vtuber切り抜き】
450,2022-10-10 04:30:00.000000,55,ぶいすぽ切り抜き隊【ぶいすぽっ!の切り抜き】
449,2022-10-10 04:30:00.000000,265,ぶいすぽ切り抜き隊【ぶいすぽっ!の切り抜き】
448,2022-10-10 05:03:00.000000,161,R Subs
447,2022-10-10 05:34:00.000000,229,Vtuber resistance-Eng sub
446,2022-10-10 06:22:00.000000,118,yd_
445,2022-10-10 07:42:00.000000,122,yd_
444,2022-10-10 07:45:00.000000,122,ガルお【切り抜き】
443,2022-10-10 08:00:00.000000,205,Vspo! Clips
442,2022-10-10 08:47:00.000000,77,Sakura [Vtuber切り抜き翻訳]
441,2022-10-10 08:50:00.000000,267,ぶいすぽっ!クリップ
440,2022-10-10 09:29:00.000000,146,咲く咲くホロライブ
439,2022-10-10 10:41:00.000000,105,ここすき保管所【ぶいすぽ切り抜き】
438,2022-10-10 10:45:00.000000,166,ぶいすぽ切り抜き
437,2022-10-10 13:37:00.000000,155,切り抜きスタジオ【みけ】
436,2022-10-10 13:40:00.000000,180,ぶいすぽっ!クリップ
435,2022-10-10 15:00:00.000000,21,Vが大好き
434,2022-10-10 15:00:00.000000,659,推し活【Vtuber切り抜き】
433,2022-10-10 16:18:00.000000,615,yd_
432,2022-10-10 16:23:00.000000,1320,ホロライブすこ
431,2022-10-10 21:48:00.000000,265,ぶいすぽ部 切り抜きチャンネル
430,2022-10-11 00:01:00.000000,339,きゅぴぬき@神成きゅぴ切り抜き
429,2022-10-11 00:47:00.000000,310,切り抜きチャンネル
428,2022-10-11 01:00:00.000000,169,ガルお【切り抜き】
427,2022-10-11 01:45:00.000000,326,切り抜きチャンネル
426,2022-10-11 02:30:00.000000,603,ぶいスタジオ
424,2022-10-11 03:00:00.000000,129,すみれの部屋【花芽すみれ・ぶいすぽ切り抜き】
422,2022-10-11 03:00:00.000000,301,きりぬきっ!!
425,2022-10-11 03:00:00.000000,255,切り抜きチャンネル
423,2022-10-11 03:00:00.000000,191,ぶいすぽっ！ 雑談切り抜き
421,2022-10-11 04:00:00.000000,194,ぶいすぽ切り抜き隊【ぶいすぽっ!の切り抜き】
420,2022-10-11 04:00:00.000000,307,すみれの部屋【花芽すみれ・ぶいすぽ切り抜き】
419,2022-10-11 04:42:00.000000,57,X-ray VSPO!【Eng Sub】
418,2022-10-11 05:44:00.000000,386,V切り抜き【ホロライブ中心】
417,2022-10-11 05:45:00.000000,24,Vが大好き
416,2022-10-11 05:45:00.000000,148,ぶいすぽっ！ 雑談切り抜き
415,2022-10-11 07:15:00.000000,47,Vが大好き
414,2022-10-11 08:00:00.000000,168,Vspo! Clips
413,2022-10-11 08:00:00.000000,46,ぶいすぽ切り抜き隊【ぶいすぽっ!の切り抜き】
412,2022-10-11 16:10:00.000000,173,ぶいすぽエマ生活
411,2022-10-12 00:46:00.000000,193,Renri
410,2022-10-12 01:30:00.000000,520,ぶいの切り抜き猫
409,2022-10-12 01:50:00.000000,263,ぶいすぽっ!クリップ
408,2022-10-12 02:30:00.000000,684,ぶいスタジオ
407,2022-10-12 03:00:00.000000,347,すみれの部屋【花芽すみれ・ぶいすぽ切り抜き】
406,2022-10-12 03:00:00.000000,337,きりぬきっ!!
405,2022-10-12 03:30:00.000000,211,きゅぴぬき@神成きゅぴ切り抜き
404,2022-10-12 04:00:00.000000,233,ぶいすぽ切り抜き隊【ぶいすぽっ!の切り抜き】
403,2022-10-12 04:41:00.000000,42,X-ray VSPO!【Eng Sub】
402,2022-10-12 07:04:00.000000,151,ぶいすぽっ!クリップ
401,2022-10-12 08:00:00.000000,60,ぶいすぽ切り抜き隊【ぶいすぽっ!の切り抜き】
400,2022-10-12 08:30:00.000000,351,切り抜きチャンネル
398,2022-10-12 08:38:00.000000,310,ガルお【切り抜き】
399,2022-10-12 08:38:00.000000,251,ぶいすぽ切り抜き
397,2022-10-12 08:45:00.000000,342,ぶいすぽっ！ 雑談切り抜き
396,2022-10-12 09:00:00.000000,146,ぶいすぽ切り抜き
395,2022-10-12 14:30:00.000000,612,ぶいすぽ切り抜き部【切り抜き】
394,2022-10-12 14:38:00.000000,750,推し活【Vtuber切り抜き】
393,2022-10-12 15:16:00.000000,214,ここすき保管所【ぶいすぽ切り抜き】
392,2022-10-12 20:00:00.000000,375,切り抜きチャンネル
391,2022-10-12 20:30:00.000000,283,ぶいすぽを切り抜くカニ
390,2022-10-12 21:35:00.000000,227,Renri
389,2022-10-13 00:00:00.000000,239,きゅぴぬき@神成きゅぴ切り抜き
388,2022-10-13 01:00:00.000000,515,ここすき保管所【ぶいすぽ切り抜き】
387,2022-10-13 01:00:00.000000,2115,推し活【Vtuber切り抜き】
386,2022-10-13 02:41:00.000000,89,ぶいすぽっ！ 雑談切り抜き
382,2022-10-13 03:00:00.000000,184,すみれの部屋【花芽すみれ・ぶいすぽ切り抜き】
385,2022-10-13 03:00:00.000000,130,Vspo!【Eng Clip】
384,2022-10-13 03:00:00.000000,369,きりぬきっ!!
383,2022-10-13 03:00:00.000000,495,Otaku-kun subs
381,2022-10-13 03:55:00.000000,77,X-ray VSPO!【Eng Sub】
380,2022-10-13 04:00:00.000000,140,ぶいすぽ切り抜き隊【ぶいすぽっ!の切り抜き】
379,2022-10-13 05:00:00.000000,44,ぶいすぽ切り抜き隊【ぶいすぽっ!の切り抜き】
378,2022-10-13 06:33:00.000000,593,Slice of Vspo
377,2022-10-13 07:11:00.000000,329,ガルお【切り抜き】
376,2022-10-13 07:11:00.000000,137,ガルお【切り抜き】
375,2022-10-13 08:00:00.000000,205,Vspo! Clips
374,2022-10-13 08:03:00.000000,571,ぶいすぽっ!クリップ
373,2022-10-13 09:04:00.000000,298,切り抜きチャンネル
372,2022-10-13 09:25:00.000000,362,ぶいすぽ部 切り抜きチャンネル
371,2022-10-13 12:04:00.000000,897,推し活【Vtuber切り抜き】
370,2022-10-13 14:00:00.000000,150,ばーちゃる【切り抜き】
368,2022-10-13 15:00:00.000000,315,ある【ぶいすぽ切り抜き】
369,2022-10-13 15:00:00.000000,553,推し活【Vtuber切り抜き】
367,2022-10-13 15:00:00.000000,338,切り抜きチャンネル
366,2022-10-13 16:05:00.000000,1308,ホロライブすこ
365,2022-10-13 19:28:00.000000,481,ぶいすぽエマ生活
364,2022-10-13 20:00:00.000000,465,ぶいすぽ切り抜き部【切り抜き】
363,2022-10-13 20:00:00.000000,375,切り抜きチャンネル
362,2022-10-13 20:30:00.000000,277,ぶいすぽを切り抜くカニ
361,2022-10-14 00:07:00.000000,399,V切り抜き【ホロライブ中心】
360,2022-10-14 00:19:00.000000,179,Renri
359,2022-10-14 01:30:00.000000,905,ぶいの切り抜き猫
358,2022-10-14 03:00:00.000000,358,きりぬきっ!!
357,2022-10-14 03:00:00.000000,281,すみれの部屋【花芽すみれ・ぶいすぽ切り抜き】
356,2022-10-14 03:00:00.000000,58,Vspo!【Eng Clip】
355,2022-10-14 03:11:00.000000,289,ガルお【切り抜き】
354,2022-10-14 03:53:00.000000,3661,ぶいスタジオ
353,2022-10-14 04:00:00.000000,162,ぶいすぽ切り抜き隊【ぶいすぽっ!の切り抜き】
352,2022-10-14 04:07:00.000000,51,Vが大好き
351,2022-10-14 04:35:00.000000,323,かみとのはさみ【かみと切り抜き】
350,2022-10-14 05:00:00.000000,60,ぶいすぽ切り抜き隊【ぶいすぽっ!の切り抜き】
349,2022-10-14 08:00:00.000000,190,Vspo! Clips
348,2022-10-14 08:57:00.000000,488,ぶいすぽエマ生活
347,2022-10-14 09:00:00.000000,461,ぶいすぽっ！ 雑談切り抜き
346,2022-10-14 09:15:00.000000,229,ぶいすぽエマ生活
345,2022-10-14 13:11:00.000000,740,V切り抜き【ホロライブ中心】
344,2022-10-14 13:47:00.000000,343,Yuri Shizu -Sub Channel-
343,2022-10-14 13:47:00.000000,68,Yuri Shizu -Sub Channel-
342,2022-10-14 13:51:00.000000,67,Yuri Shizu -Sub Channel-
341,2022-10-14 21:00:00.000000,169,ぶいすぽを切り抜くカニ
340,2022-10-14 21:14:00.000000,132,Pebo-kun TL ぺぼ
339,2022-10-14 23:47:00.000000,166,R Subs
338,2022-10-15 00:00:00.000000,574,きゅぴぬき@神成きゅぴ切り抜き
337,2022-10-15 00:20:00.000000,1227,推し活【Vtuber切り抜き】
336,2022-10-15 01:43:00.000000,254,切り抜きチャンネル
335,2022-10-15 02:00:00.000000,590,見どころ!切り抜きVtuber
334,2022-10-15 02:01:00.000000,509,kanaway
333,2022-10-15 02:04:00.000000,158,Sobbers Clipper
332,2022-10-15 02:55:00.000000,285,ガルお【切り抜き】
331,2022-10-15 02:55:00.000000,166,ガルお【切り抜き】
330,2022-10-15 03:00:00.000000,308,すみれの部屋【花芽すみれ・ぶいすぽ切り抜き】
329,2022-10-15 03:00:00.000000,123,ぶいすぽ切り抜き部【切り抜き】
328,2022-10-15 03:00:00.000000,343,きりぬきっ!!
327,2022-10-15 03:51:00.000000,461,ある【ぶいすぽ切り抜き】
326,2022-10-15 04:00:00.000000,154,ぶいすぽ切り抜き隊【ぶいすぽっ!の切り抜き】
324,2022-10-15 05:30:00.000000,12,Vが大好き
325,2022-10-15 05:30:00.000000,31,ぶいすぽ切り抜き隊【ぶいすぽっ!の切り抜き】
323,2022-10-15 06:15:00.000000,493,切り抜きチャンネル
322,2022-10-15 06:23:00.000000,532,かみとのはさみ【かみと切り抜き】
321,2022-10-15 08:00:00.000000,167,Vspo! Clips
320,2022-10-15 08:08:00.000000,259,ぶいすぽエマ生活
319,2022-10-15 09:05:00.000000,765,V切り抜き【ホロライブ中心】
318,2022-10-15 09:34:00.000000,21,Vが大好き
317,2022-10-15 10:16:00.000000,172,咲く咲くホロライブ
316,2022-10-15 10:50:00.000000,481,ぶいすぽエマ生活
315,2022-10-15 11:02:00.000000,896,白瀬【にじさんじ切り抜き】
314,2022-10-15 16:00:00.000000,623,推し活【Vtuber切り抜き】
313,2022-10-15 20:31:00.000000,9,Vが大好き
312,2022-10-15 22:10:00.000000,9,Vが大好き
311,2022-10-15 23:25:00.000000,233,Renri
310,2022-10-16 00:00:00.000000,132,きゅぴぬき@神成きゅぴ切り抜き
309,2022-10-16 01:30:00.000000,723,ぶいの切り抜き猫
307,2022-10-16 03:00:00.000000,305,きりぬきっ!!
306,2022-10-16 03:00:00.000000,295,ガルお【切り抜き】
308,2022-10-16 03:00:00.000000,294,すみれの部屋【花芽すみれ・ぶいすぽ切り抜き】
305,2022-10-16 04:00:00.000000,162,ぶいすぽ切り抜き隊【ぶいすぽっ!の切り抜き】
304,2022-10-16 05:04:00.000000,139,V切り抜き【ホロライブ中心】
303,2022-10-16 05:18:00.000000,493,ぶいすぽ切り抜き部【切り抜き】
302,2022-10-16 05:30:00.000000,57,ぶいすぽ切り抜き隊【ぶいすぽっ!の切り抜き】
301,2022-10-16 05:30:00.000000,4194,ぶいすぽ部 切り抜きチャンネル
300,2022-10-16 05:40:00.000000,257,ぶいすぽ切り抜き
299,2022-10-16 06:00:00.000000,397,切り抜きチャンネル
298,2022-10-16 06:17:00.000000,321,Galaxy VTuber Translations
297,2022-10-16 06:30:00.000000,346,切り抜きチャンネル
296,2022-10-16 08:00:00.000000,157,Vspo! Clips
295,2022-10-16 08:45:00.000000,182,ぶいすぽっ！ 雑談切り抜き
294,2022-10-16 09:03:00.000000,369,ここすき保管所【ぶいすぽ切り抜き】
293,2022-10-16 09:48:00.000000,206,ぶいすぽエマ生活
292,2022-10-16 14:30:00.000000,493,ぶいすぽ切り抜き部【切り抜き】
291,2022-10-16 18:00:00.000000,513,Ene Chan
290,2022-10-16 21:16:00.000000,95,Sobbers Clipper
289,2022-10-16 22:54:00.000000,39,X-ray VSPO!【Eng Sub】
288,2022-10-17 01:45:00.000000,480,きゅぴぬき@神成きゅぴ切り抜き
287,2022-10-17 03:00:00.000000,375,きりぬきっ!!
286,2022-10-17 03:00:00.000000,539,すみれの部屋【花芽すみれ・ぶいすぽ切り抜き】
285,2022-10-17 03:00:00.000000,504,Otaku-kun subs
284,2022-10-17 03:24:00.000000,14,Vが大好き
283,2022-10-17 03:30:00.000000,354,ぶいすぽ切り抜き部【切り抜き】
282,2022-10-17 03:53:00.000000,190,ぶいすぽっ！ 雑談切り抜き
280,2022-10-17 04:00:00.000000,174,ぶいすぽ切り抜き隊【ぶいすぽっ!の切り抜き】
281,2022-10-17 04:00:00.000000,1764,推し活【Vtuber切り抜き】
279,2022-10-17 04:15:00.000000,378,切り抜きチャンネル
278,2022-10-17 05:00:00.000000,670,ぶいスタジオ
277,2022-10-17 05:00:00.000000,226,切り抜きチャンネル
276,2022-10-17 05:05:00.000000,489,推し活【Vtuber切り抜き】
275,2022-10-17 05:25:00.000000,418,ぶいすぽエマ生活
274,2022-10-17 05:28:00.000000,834,かみとのはさみ【かみと切り抜き】
273,2022-10-17 05:30:00.000000,37,ぶいすぽ切り抜き隊【ぶいすぽっ!の切り抜き】
272,2022-10-17 05:30:00.000000,164,ぶいすぽっ！ 雑談切り抜き
271,2022-10-17 05:40:00.000000,275,ぶいすぽエマ生活
270,2022-10-17 06:42:00.000000,662,Ush Order Subs
269,2022-10-17 06:59:00.000000,798,推し活【Vtuber切り抜き】
268,2022-10-17 08:30:00.000000,182,ぶいすぽっ！ 雑談切り抜き
267,2022-10-17 08:44:00.000000,395,ガルお【切り抜き】
266,2022-10-17 08:45:00.000000,149,ぶいすぽ切り抜き
265,2022-10-17 08:45:00.000000,139,ぶいすぽ部 切り抜きチャンネル
264,2022-10-17 14:30:00.000000,467,ぶいすぽ切り抜き部【切り抜き】
263,2022-10-17 15:00:00.000000,26,Vが大好き
262,2022-10-17 16:53:00.000000,610,ぶいすぽエマ生活
261,2022-10-17 22:00:00.000000,329,切り抜きチャンネル
260,2022-10-18 00:45:00.000000,60,kanaway
259,2022-10-18 01:00:00.000000,299,きゅぴぬき@神成きゅぴ切り抜き
258,2022-10-18 01:30:00.000000,644,ぶいの切り抜き猫
255,2022-10-18 03:00:00.000000,121,ぶいすぽっ！ 雑談切り抜き
257,2022-10-18 03:00:00.000000,347,きりぬきっ!!
256,2022-10-18 03:00:00.000000,157,すみれの部屋【花芽すみれ・ぶいすぽ切り抜き】
254,2022-10-18 03:40:00.000000,57,rinrinz
253,2022-10-18 04:00:00.000000,141,ぶいすぽ切り抜き隊【ぶいすぽっ!の切り抜き】
252,2022-10-18 04:09:00.000000,262,かみとのはさみ【かみと切り抜き】
251,2022-10-18 04:57:00.000000,60,X-ray VSPO!【Eng Sub】
250,2022-10-18 05:30:00.000000,44,ぶいすぽ切り抜き隊【ぶいすぽっ!の切り抜き】
249,2022-10-18 07:56:00.000000,168,ガルお【切り抜き】
248,2022-10-18 14:30:00.000000,260,切り抜きチャンネル
247,2022-10-18 15:00:00.000000,398,切り抜きチャンネル
246,2022-10-18 15:00:00.000000,390,ある【ぶいすぽ切り抜き】
245,2022-10-18 15:00:00.000000,764,推し活【Vtuber切り抜き】
244,2022-10-18 15:01:00.000000,290,ぶいすぽ部 切り抜きチャンネル
243,2022-10-18 17:45:00.000000,165,ぶいすぽエマ生活
242,2022-10-18 18:00:00.000000,196,ぶいすぽエマ生活
241,2022-10-18 20:00:00.000000,618,推し活【Vtuber切り抜き】
240,2022-10-18 20:28:00.000000,294,yd_
239,2022-10-18 20:30:00.000000,265,ぶいすぽを切り抜くカニ
238,2022-10-18 23:31:00.000000,688,Renri
237,2022-10-19 00:00:00.000000,291,きゅぴぬき@神成きゅぴ切り抜き
236,2022-10-19 03:00:00.000000,347,きりぬきっ!!
235,2022-10-19 03:00:00.000000,155,すみれの部屋【花芽すみれ・ぶいすぽ切り抜き】
234,2022-10-19 03:00:00.000000,73,ぶいすぽっ！ 雑談切り抜き
233,2022-10-19 03:06:00.000000,356,かみとのはさみ【かみと切り抜き】
232,2022-10-19 04:00:00.000000,177,ぶいすぽ切り抜き隊【ぶいすぽっ!の切り抜き】
231,2022-10-19 04:45:00.000000,478,ShiroiRika
230,2022-10-19 05:12:00.000000,117,ガルお【切り抜き】
229,2022-10-19 05:15:00.000000,46,ぶいすぽっ！ 雑談切り抜き
228,2022-10-19 05:15:00.000000,135,ばーちゃる【切り抜き】
227,2022-10-19 05:30:00.000000,57,ぶいすぽ切り抜き隊【ぶいすぽっ!の切り抜き】
226,2022-10-19 06:15:00.000000,17,Vが大好き
225,2022-10-19 06:20:00.000000,705,推し活【Vtuber切り抜き】
224,2022-10-19 07:30:00.000000,390,切り抜きチャンネル
223,2022-10-19 07:31:00.000000,38,ここすき保管所【ぶいすぽ切り抜き】
222,2022-10-19 07:32:00.000000,120,ここすき保管所【ぶいすぽ切り抜き】
221,2022-10-19 07:55:00.000000,256,ぶいすぽ切り抜き
220,2022-10-19 08:17:00.000000,328,ぶいすぽっ!クリップ
219,2022-10-19 10:25:00.000000,262,ガルお【切り抜き】
218,2022-10-19 11:06:00.000000,798,Zoro Zaki [ Clypto ]
217,2022-10-19 15:00:00.000000,305,ぶいすぽ切り抜き部【切り抜き】
216,2022-10-19 15:00:00.000000,396,切り抜きチャンネル
215,2022-10-19 20:00:00.000000,401,ぶいすぽ切り抜き部【切り抜き】
214,2022-10-19 20:00:00.000000,798,Zoro Zaki [ Clypto ]
213,2022-10-19 23:32:00.000000,435,ぶいすぽ部 切り抜きチャンネル
212,2022-10-20 01:30:00.000000,605,ぶいの切り抜き猫
208,2022-10-20 03:00:00.000000,181,Vspo!【Eng Clip】
209,2022-10-20 03:00:00.000000,145,すみれの部屋【花芽すみれ・ぶいすぽ切り抜き】
211,2022-10-20 03:00:00.000000,340,きりぬきっ!!
210,2022-10-20 03:00:00.000000,766,ぶいスタジオ
207,2022-10-20 03:18:00.000000,247,ガルお【切り抜き】
206,2022-10-20 03:18:00.000000,198,ぶいすぽっ!クリップ
205,2022-10-20 04:00:00.000000,268,ぶいすぽ切り抜き隊【ぶいすぽっ!の切り抜き】
204,2022-10-20 04:29:00.000000,219,ここすき保管所【ぶいすぽ切り抜き】
203,2022-10-20 04:30:00.000000,59,ぶいすぽ切り抜き隊【ぶいすぽっ!の切り抜き】
202,2022-10-20 04:50:00.000000,40,X-ray VSPO!【Eng Sub】
201,2022-10-20 05:15:00.000000,114,ある【ぶいすぽ切り抜き】
200,2022-10-20 05:37:00.000000,992,Ush Order Subs
199,2022-10-20 07:44:00.000000,186,Sakura [Vtuber切り抜き翻訳]
198,2022-10-20 08:15:00.000000,406,切り抜きチャンネル
197,2022-10-20 08:50:00.000000,133,ぶいすぽエマ生活
196,2022-10-20 08:53:00.000000,204,ぶいすぽっ!クリップ
195,2022-10-20 09:41:00.000000,314,ぶいすぽ部 切り抜きチャンネル
193,2022-10-20 15:00:00.000000,716,推し活【Vtuber切り抜き】
192,2022-10-20 15:00:00.000000,285,切り抜きチャンネル
194,2022-10-20 15:00:00.000000,455,ぶいすぽ部 切り抜きチャンネル
191,2022-10-20 20:00:00.000000,375,切り抜きチャンネル
190,2022-10-20 23:37:00.000000,206,Sobbers Clipper
189,2022-10-21 00:00:00.000000,124,きゅぴぬき@神成きゅぴ切り抜き
188,2022-10-21 01:09:00.000000,294,強欲の切り抜き【小森めと切り抜きch】
187,2022-10-21 02:00:00.000000,337,きりぬきっ!!
186,2022-10-21 02:21:00.000000,324,Nel
185,2022-10-21 03:00:00.000000,390,すみれの部屋【花芽すみれ・ぶいすぽ切り抜き】
184,2022-10-21 03:41:00.000000,3427,yd_
183,2022-10-21 04:00:00.000000,270,ぶいすぽ切り抜き隊【ぶいすぽっ!の切り抜き】
182,2022-10-21 05:30:00.000000,60,ぶいすぽ切り抜き隊【ぶいすぽっ!の切り抜き】
181,2022-10-21 05:45:00.000000,150,ぶいすぽっ！ 雑談切り抜き
180,2022-10-21 05:59:00.000000,2230,Zoro Zaki [ Clypto ]
179,2022-10-21 06:00:00.000000,9,Vが大好き
178,2022-10-21 06:15:00.000000,371,切り抜きチャンネル
177,2022-10-21 06:29:00.000000,171,Sakura [Vtuber切り抜き翻訳]
176,2022-10-21 08:06:00.000000,710,推し活【Vtuber切り抜き】
175,2022-10-21 09:05:00.000000,173,ぶいすぽっ!クリップ
174,2022-10-21 09:07:00.000000,135,ぶいすぽ切り抜き
173,2022-10-21 09:45:00.000000,5,Vが大好き
172,2022-10-21 09:50:00.000000,205,ぶいすぽっ!クリップ
171,2022-10-21 09:57:00.000000,20,Renri
170,2022-10-21 10:08:00.000000,145,ある【ぶいすぽ切り抜き】
169,2022-10-21 10:28:00.000000,523,ぶいすぽっ!クリップ
168,2022-10-21 11:30:00.000000,325,R Subs
167,2022-10-21 15:00:00.000000,6,Vが大好き
166,2022-10-21 17:07:00.000000,787,Slice of Vspo
165,2022-10-21 19:00:00.000000,179,ぶいすぽっ！ 雑談切り抜き
164,2022-10-21 19:13:00.000000,381,kanaway
163,2022-10-21 19:15:00.000000,166,きゅぴぬき@神成きゅぴ切り抜き
162,2022-10-21 21:00:00.000000,297,ぶいすぽを切り抜くカニ
161,2022-10-22 00:45:00.000000,178,ここすき保管所【ぶいすぽ切り抜き】
160,2022-10-22 01:30:00.000000,492,ぶいの切り抜き猫
159,2022-10-22 02:00:00.000000,610,ぶいスタジオ
158,2022-10-22 02:00:00.000000,164,ぶいすぽっ！ 雑談切り抜き
157,2022-10-22 03:00:00.000000,326,きりぬきっ!!
156,2022-10-22 03:00:00.000000,264,すみれの部屋【花芽すみれ・ぶいすぽ切り抜き】
155,2022-10-22 03:26:00.000000,351,ぶいすぽっ!クリップ
153,2022-10-22 04:00:00.000000,164,すみれの部屋【花芽すみれ・ぶいすぽ切り抜き】
154,2022-10-22 04:00:00.000000,221,ぶいすぽ切り抜き隊【ぶいすぽっ!の切り抜き】
152,2022-10-22 05:01:00.000000,14,Vが大好き
151,2022-10-22 05:07:00.000000,426,ハルカット
150,2022-10-22 05:30:00.000000,49,ぶいすぽ切り抜き隊【ぶいすぽっ!の切り抜き】
149,2022-10-22 05:31:00.000000,72,X-ray VSPO!【Eng Sub】
148,2022-10-22 05:39:00.000000,23,Vが大好き
147,2022-10-22 06:00:00.000000,274,ぶいすぽっ!クリップ
146,2022-10-22 06:01:00.000000,557,推し活【Vtuber切り抜き】
145,2022-10-22 06:30:00.000000,80,Sakura [Vtuber切り抜き翻訳]
144,2022-10-22 14:51:00.000000,309,零蘭
143,2022-10-22 15:57:00.000000,113,Renri
142,2022-10-22 20:55:00.000000,58,rinrinz
141,2022-10-22 21:00:00.000000,231,ぶいすぽを切り抜くカニ
140,2022-10-22 21:59:00.000000,421,かみとのはさみ【かみと切り抜き】
139,2022-10-23 00:00:00.000000,125,きゅぴぬき@神成きゅぴ切り抜き
138,2022-10-23 01:04:00.000000,21,Vが大好き
137,2022-10-23 01:33:00.000000,411,ある【ぶいすぽ切り抜き】
136,2022-10-23 01:37:00.000000,212,ガルお【切り抜き】
135,2022-10-23 01:38:00.000000,226,ぶいすぽっ!クリップ
134,2022-10-23 02:00:00.000000,121,ぶいすぽっ！ 雑談切り抜き
133,2022-10-23 03:00:00.000000,164,すみれの部屋【花芽すみれ・ぶいすぽ切り抜き】
132,2022-10-23 03:00:00.000000,33,Vが大好き
131,2022-10-23 03:00:00.000000,325,きりぬきっ!!
130,2022-10-23 03:40:00.000000,350,Sobbers Clipper
129,2022-10-23 04:00:00.000000,145,ぶいすぽ切り抜き隊【ぶいすぽっ!の切り抜き】
128,2022-10-23 04:04:00.000000,2215,yd_
127,2022-10-23 04:45:00.000000,229,ぶいすぽエマ生活
126,2022-10-23 04:48:00.000000,164,ぶいすぽっ!クリップ
125,2022-10-23 04:51:00.000000,209,ぶいすぽっ!クリップ
124,2022-10-23 05:05:00.000000,201,ぶいすぽエマ生活
123,2022-10-23 05:25:00.000000,1152,ぶいすぽ部 切り抜きチャンネル
122,2022-10-23 05:30:00.000000,43,ぶいすぽ切り抜き隊【ぶいすぽっ!の切り抜き】
121,2022-10-23 06:26:00.000000,256,ぶいすぽっ!クリップ
120,2022-10-23 06:51:00.000000,3871,ぶいすぽエマ生活
119,2022-10-23 07:00:00.000000,327,切り抜きチャンネル
118,2022-10-23 10:10:00.000000,210,R Subs
117,2022-10-23 14:27:00.000000,272,ぶいすぽ部 切り抜きチャンネル
116,2022-10-23 15:00:00.000000,322,切り抜きチャンネル
115,2022-10-23 16:04:00.000000,609,ぶいすぽエマ生活
113,2022-10-23 20:00:00.000000,681,Zoro Zaki [ Clypto ]
114,2022-10-23 20:00:00.000000,248,ぶいすぽ切り抜き部【切り抜き】
112,2022-10-23 20:30:00.000000,485,ぶいすぽを切り抜くカニ
111,2022-10-23 20:53:00.000000,495,yd_
110,2022-10-24 01:09:00.000000,261,yd_
109,2022-10-24 01:30:00.000000,535,ぶいの切り抜き猫
108,2022-10-24 03:00:00.000000,186,すみれの部屋【花芽すみれ・ぶいすぽ切り抜き】
107,2022-10-24 03:00:00.000000,314,きりぬきっ!!
106,2022-10-24 03:30:00.000000,148,ぶいスタジオ
105,2022-10-24 04:00:00.000000,132,ぶいすぽ切り抜き隊【ぶいすぽっ!の切り抜き】
104,2022-10-24 04:00:00.000000,13,Vが大好き
103,2022-10-24 05:05:00.000000,108,ガルお【切り抜き】
102,2022-10-24 05:06:00.000000,129,ガルお【切り抜き】
101,2022-10-24 05:10:00.000000,823,推し活【Vtuber切り抜き】
100,2022-10-24 05:30:00.000000,55,ぶいすぽ切り抜き隊【ぶいすぽっ!の切り抜き】
99,2022-10-24 06:06:00.000000,127,ぶいすぽっ!クリップ
98,2022-10-24 11:36:00.000000,260,Renri
97,2022-10-24 13:45:00.000000,134,ぶいすぽエマ生活
95,2022-10-24 14:00:00.000000,181,ぶいすぽエマ生活
96,2022-10-24 14:00:00.000000,124,ぶいニキ【Vtuber切り抜きch】
94,2022-10-24 14:15:00.000000,223,ぶいすぽエマ生活
93,2022-10-24 14:30:00.000000,314,切り抜きチャンネル
92,2022-10-24 14:43:00.000000,521,推し活【Vtuber切り抜き】
91,2022-10-24 15:16:00.000000,301,ぶいすぽエマ生活
90,2022-10-24 15:30:00.000000,297,切り抜きチャンネル
89,2022-10-24 17:29:00.000000,299,ぶいすぽエマ生活
88,2022-10-24 20:00:00.000000,352,切り抜きチャンネル
87,2022-10-24 20:16:00.000000,955,Vtuber大好き
86,2022-10-24 20:30:00.000000,283,ぶいすぽを切り抜くカニ
85,2022-10-24 20:42:00.000000,45,ここすき保管所【ぶいすぽ切り抜き】
84,2022-10-24 20:49:00.000000,1210,ぶいすぽ部 切り抜きチャンネル
83,2022-10-24 22:01:00.000000,244,ぶいすぽ切り抜き部【切り抜き】
82,2022-10-24 23:47:00.000000,820,ホロライブ切り抜き隊
81,2022-10-25 00:00:00.000000,310,きゅぴぬき@神成きゅぴ切り抜き
80,2022-10-25 01:00:00.000000,98,X-ray VSPO!【Eng Sub】
79,2022-10-25 01:00:00.000000,349,切り抜きチャンネル
78,2022-10-25 02:00:00.000000,205,Cutting Samurai
77,2022-10-25 02:48:00.000000,1141,ぶいすぽっ!クリップ
76,2022-10-25 03:00:00.000000,164,すみれの部屋【花芽すみれ・ぶいすぽ切り抜き】
75,2022-10-25 03:00:00.000000,101,ぶいすぽっ！ 雑談切り抜き
74,2022-10-25 03:00:00.000000,696,ぶいスタジオ
73,2022-10-25 03:00:00.000000,338,きりぬきっ!!
72,2022-10-25 04:00:00.000000,120,すみれの部屋【花芽すみれ・ぶいすぽ切り抜き】
71,2022-10-25 04:00:00.000000,234,ぶいすぽ切り抜き隊【ぶいすぽっ!の切り抜き】
70,2022-10-25 04:06:00.000000,152,ここすき保管所【ぶいすぽ切り抜き】
69,2022-10-25 05:30:00.000000,58,ぶいすぽ切り抜き隊【ぶいすぽっ!の切り抜き】
67,2022-10-25 07:43:00.000000,317,ガルお【切り抜き】
68,2022-10-25 07:43:00.000000,106,ガルお【切り抜き】
66,2022-10-25 08:30:00.000000,328,切り抜きチャンネル
65,2022-10-25 10:16:00.000000,262,ぶいすぽっ!クリップ
64,2022-10-25 14:30:00.000000,347,切り抜きチャンネル
63,2022-10-25 14:45:00.000000,280,ばーちゃる【切り抜き】
62,2022-10-25 15:30:00.000000,314,切り抜きチャンネル
61,2022-10-25 17:00:00.000000,110,ばーちゃる【切り抜き】
60,2022-10-25 19:33:00.000000,150,ぶいすぽエマ生活
59,2022-10-25 20:00:00.000000,347,切り抜きチャンネル
58,2022-10-25 21:14:00.000000,156,Renri
57,2022-10-26 00:00:00.000000,170,きゅぴぬき@神成きゅぴ切り抜き
56,2022-10-26 00:56:00.000000,741,ぶいすぽエマ生活
55,2022-10-26 01:30:00.000000,521,ぶいの切り抜き猫
54,2022-10-26 02:00:00.000000,607,見どころ!切り抜きVtuber
52,2022-10-26 03:00:00.000000,254,すみれの部屋【花芽すみれ・ぶいすぽ切り抜き】
51,2022-10-26 03:00:00.000000,327,きりぬきっ!!
53,2022-10-26 03:00:00.000000,587,Otaku-kun subs
50,2022-10-26 03:14:00.000000,153,ぶいすぽっ！ 雑談切り抜き
49,2022-10-26 03:50:00.000000,83,X-ray VSPO!【Eng Sub】
48,2022-10-26 04:00:00.000000,103,ぶいすぽ切り抜き隊【ぶいすぽっ!の切り抜き】
47,2022-10-26 04:09:00.000000,39,Vが大好き
46,2022-10-26 05:00:00.000000,29,Vが大好き
45,2022-10-26 05:30:00.000000,45,ぶいすぽ切り抜き隊【ぶいすぽっ!の切り抜き】
44,2022-10-26 06:17:00.000000,192,ガルお【切り抜き】
43,2022-10-26 07:24:00.000000,282,ぶいすぽエマ生活
42,2022-10-26 08:20:00.000000,157,ガルお【切り抜き】
41,2022-10-26 08:50:00.000000,137,ぶいすぽ切り抜き
40,2022-10-26 20:00:00.000000,127,ぶいすぽっ！ 雑談切り抜き
39,2022-10-26 20:30:00.000000,239,ぶいすぽを切り抜くカニ
38,2022-10-26 21:32:00.000000,108,ここすき保管所【ぶいすぽ切り抜き】
37,2022-10-26 22:39:00.000000,223,R Subs
36,2022-10-27 00:30:00.000000,194,きゅぴぬき@神成きゅぴ切り抜き
35,2022-10-27 00:59:00.000000,202,Renri
34,2022-10-27 03:00:00.000000,149,すみれの部屋【花芽すみれ・ぶいすぽ切り抜き】
33,2022-10-27 03:00:00.000000,352,きりぬきっ!!
32,2022-10-27 03:08:00.000000,238,ガルお【切り抜き】
31,2022-10-27 04:00:00.000000,185,ぶいすぽ切り抜き隊【ぶいすぽっ!の切り抜き】
30,2022-10-27 05:30:00.000000,45,ぶいすぽ切り抜き隊【ぶいすぽっ!の切り抜き】
29,2022-10-27 06:11:00.000000,622,かみとのはさみ【かみと切り抜き】
28,2022-10-27 09:11:00.000000,64,Sakura [Vtuber切り抜き翻訳]
27,2022-10-27 09:19:00.000000,152,ガルお【切り抜き】
26,2022-10-27 11:00:00.000000,489,ぶいすぽエマ生活
25,2022-10-27 15:00:00.000000,973,推し活【Vtuber切り抜き】
24,2022-10-27 15:00:00.000000,352,切り抜きチャンネル
23,2022-10-27 15:08:00.000000,447,ぶいすぽ部 切り抜きチャンネル
22,2022-10-27 18:53:00.000000,125,ぶいすぽエマ生活
21,2022-10-27 20:00:00.000000,12,ばーちゃる【切り抜き】
20,2022-10-27 20:00:00.000000,190,ぶいすぽ切り抜き部【切り抜き】
19,2022-10-27 20:16:00.000000,187,ぶいすぽエマ生活
18,2022-10-27 20:30:00.000000,185,ぶいすぽを切り抜くカニ
17,2022-10-27 21:59:07.412238,350,きゅぴぬき@神成きゅぴ切り抜き
16,2022-10-27 23:59:07.412238,683,推し活【Vtuber切り抜き】
15,2022-10-28 00:59:07.412238,3871,ぶいすぽエマ生活
14,2022-10-28 01:59:07.412238,715,ぶいの切り抜き猫
10,2022-10-28 02:59:07.412238,330,きりぬきっ!!
12,2022-10-28 02:59:07.412238,70,X-ray VSPO!【Eng Sub】
13,2022-10-28 02:59:07.412238,799,ぶいスタジオ
11,2022-10-28 02:59:07.412238,146,すみれの部屋【花芽すみれ・ぶいすぽ切り抜き】
9,2022-10-28 03:59:07.412238,378,ぶいすぽっ！ 雑談切り抜き
8,2022-10-28 03:59:07.412238,203,ぶいすぽ切り抜き隊【ぶいすぽっ!の切り抜き】
7,2022-10-28 03:59:07.412238,1913,yd_
6,2022-10-28 05:59:07.412238,59,ぶいすぽ切り抜き隊【ぶいすぽっ!の切り抜き】
5,2022-10-28 06:59:07.412238,559,かみとのはさみ【かみと切り抜き】
4,2022-10-28 08:59:07.412238,321,ガルお【切り抜き】
3,2022-10-28 08:59:07.412238,204,ぶいすぽエマ生活
2,2022-10-28 12:59:07.412238,129,ぶいすぽ切り抜き
1,2022-10-28 16:59:07.412238,349,切り抜きチャンネル
0,2022-10-28 20:01:07.412238,438,ぶいすぽ切り抜き部【切り抜き】
