Speaker,,Start,End,Start_seconds,Start_samples,End_seconds,End_samples
Ichinose,3,0:00:08.85,0:00:10.00,8.85,390285,10.0,441000
Ichinose,9,0:00:22.45,0:00:29.11,22.45,990045,29.11,1283751
Ichinose,10,0:00:29.11,0:00:33.82,29.11,1283751,33.82,1491462
Ichinose,11,0:00:33.82,0:00:36.39,33.82,1491462,36.39,1604799
Ichinose,12,0:00:36.39,0:00:38.91,36.39,1604799,38.91,1715930
Ichinose,14,0:00:41.20,0:00:45.60,41.2,1816920,45.6,2010960
Ichinose,20,0:00:59.08,0:01:03.37,59.08,2605428,63.37,2794617
Ichinose,24,0:01:12.22,0:01:16.13,72.22,3184902,76.13,3357333
Ichinose,25,0:01:16.13,0:01:19.48,76.13,3357333,79.48,3505068
Ichinose,37,0:01:49.82,0:01:54.21,109.82,4843062,114.21000000000001,5036661
Ichinose,38,0:01:54.21,0:01:57.65,114.21000000000001,5036661,117.65,5188365
Ichinose,43,0:02:11.82,0:02:14.91,131.82,5813262,134.91,5949531
Ichinose,48,0:02:28.00,0:02:33.24,148.0,6526800,153.24,6757884
Ichinose,49,0:02:33.24,0:02:38.13,153.24,6757884,158.13,6973533
Ichinose,50,0:02:38.13,0:02:41.20,158.13,6973533,161.2,7108919
Ichinose,52,0:02:44.62,0:02:48.69,164.62,7259742,168.69,7439229
Ichinose,53,0:02:48.69,0:02:51.44,168.69,7439229,171.44,7560504
Ichinose,54,0:02:51.44,0:02:53.31,171.44,7560504,173.31,7642971
Ichinose,55,0:02:55.31,0:02:57.42,175.31,7731171,177.42000000000002,7824222
Ichinose,56,0:02:57.42,0:02:59.68,177.42000000000002,7824222,179.68,7923888
Ichinose,57,0:02:59.68,0:03:01.71,179.68,7923888,181.71,8013411
Ichinose,62,0:03:17.31,0:03:21.02,197.31,8701371,201.02,8864982
Ichinose,67,0:03:34.28,0:03:35.95,214.28,9449748,215.95,9523395
Ichinose,77,0:04:04.62,0:04:08.67,244.62,10787742,248.67,10966347
Ichinose,78,0:04:08.67,0:04:12.28,248.67,10966347,252.28,11125548
Ichinose,79,0:04:12.28,0:04:16.11,252.28,11125548,256.11,11294451
Ichinose,80,0:04:18.11,0:04:21.66,258.11,11382651,261.66,11539206
Ichinose,81,0:04:21.66,0:04:24.78,261.66,11539206,264.78,11676797
Ichinose,82,0:04:24.78,0:04:28.34,264.78,11676797,268.34,11833793
Ichinose,83,0:04:28.34,0:04:30.97,268.34,11833793,270.97,11949777
Ichinose,85,0:04:34.40,0:04:37.88,274.4,12101039,277.88,12254508
Ichinose,88,0:04:43.48,0:04:45.94,283.48,12501468,285.94,12609954
Ichinose,90,0:04:48.00,0:04:51.65,288.0,12700800,291.65,12861764
Ichinose,92,0:04:53.20,0:04:54.65,293.2,12930120,294.65,12994064
Ichinose,96,0:05:05.79,0:05:09.05,305.79,13485339,309.05,13629105
Ichinose,98,0:05:13.02,0:05:15.83,313.02,13804182,315.83,13928103
Ichinose,99,0:05:15.83,0:05:19.94,315.83,13928103,319.94,14109354
Ichinose,102,0:05:22.00,0:05:24.80,322.0,14200200,324.8,14323680
Ichinose,104,0:05:24.62,0:05:26.40,324.62,14315742,326.4,14394239
Ichinose,107,0:05:31.02,0:05:33.50,331.02,14597982,333.5,14707350
Ichinose,108,0:05:33.50,0:05:36.53,333.5,14707350,336.53,14840972
Ichinose,109,0:05:36.53,0:05:39.25,336.53,14840972,339.25,14960925
Ichinose,111,0:05:40.34,0:05:42.05,340.34000000000003,15008994,342.05,15084405
Ichinose,113,0:05:44.57,0:05:47.08,344.57,15195537,347.08,15306228
Ichinose,115,0:05:49.31,0:05:51.48,349.31,15404571,351.48,15500268
Ichinose,117,0:05:54.00,0:05:57.94,354.0,15611400,357.94,15785154
Ichinose,119,0:05:58.51,0:06:00.17,358.51,15810291,360.17,15883497
Ichinose,128,0:06:24.20,0:06:26.22,384.2,16943220,386.22,17032302
Ichinose,133,0:06:36.68,0:06:40.23,396.68,17493588,400.23,17650143
Ichinose,134,0:06:40.23,0:06:43.37,400.23,17650143,403.37,17788617
Ichinose,135,0:06:43.37,0:06:45.71,403.37,17788617,405.71,17891811
Ichinose,140,0:06:58.91,0:07:01.59,418.90999999999997,18473931,421.59,18592119
Ichinose,141,0:07:01.59,0:07:05.02,421.59,18592119,425.02,18743382
Ichinose,149,0:07:26.85,0:07:29.32,446.85,19706085,449.32,19815012
Ichinose,150,0:07:29.32,0:07:31.31,449.32,19815012,451.31,19902771
Ichinose,153,0:07:37.20,0:07:41.37,457.2,20162520,461.37,20346417
Ichinose,156,0:07:50.74,0:07:52.11,470.74,20759634,472.11,20820051
Ichinose,160,0:07:58.45,0:08:00.57,478.45,21099645,480.57,21193137
Ichinose,164,0:08:06.80,0:08:10.17,486.8,21467880,490.17,21616497
Ichinose,172,0:08:35.54,0:08:36.91,515.54,22735314,516.91,22795731
Ichinose,177,0:08:47.42,0:08:49.25,527.42,23259222,529.25,23339925
Ichinose,180,0:08:57.20,0:08:59.20,537.2,23690520,539.2,23778720
Ichinose,183,0:09:03.54,0:09:06.15,543.54,23970114,546.15,24085215
Ichinose,184,0:09:06.15,0:09:08.05,546.15,24085215,548.05,24169004
Ichinose,188,0:09:18.11,0:09:20.73,558.11,24612651,560.73,24728193
Ichinose,189,0:09:20.73,0:09:23.88,560.73,24728193,563.88,24867108
Ichinose,191,0:09:25.08,0:09:29.15,565.08,24920028,569.15,25099515
Ichinose,192,0:09:29.15,0:09:30.80,569.15,25099515,570.8,25172279
Ichinose,194,0:09:32.80,0:09:36.55,572.8,25260479,576.55,25425854
Ichinose,198,0:09:50.35,0:09:54.62,590.35,26034435,594.62,26222742
Ichinose,200,0:09:57.37,0:10:00.50,597.37,26344017,600.5,26482050
Ichinose,201,0:10:00.50,0:10:02.90,600.5,26482050,602.9,26587890
Ichinose,202,0:10:02.90,0:10:05.82,602.9,26587890,605.82,26716662
Ichinose,203,0:10:07.71,0:10:14.48,607.71,26800011,614.48,27098568
Ichinose,204,0:10:14.48,0:10:19.25,614.48,27098568,619.25,27308925
Ichinose,205,0:10:19.25,0:10:21.88,619.25,27308925,621.88,27424908
Ichinose,207,0:10:21.94,0:10:26.57,621.94,27427554,626.57,27631737
Ichinose,213,0:10:37.08,0:10:40.35,637.08,28095228,640.35,28239435
Ichinose,216,0:10:44.28,0:10:46.22,644.28,28412748,646.22,28498302
Ichinose,217,0:10:46.30,0:10:47.20,646.3,28501829,647.2,28541520
Ichinose,219,0:10:49.71,0:10:51.91,649.71,28652211,651.91,28749231
Ichinose,220,0:10:51.91,0:10:53.98,651.91,28749231,653.98,28840518
Ichinose,221,0:10:53.98,0:10:56.11,653.98,28840518,656.11,28934451
Ichinose,225,0:11:01.14,0:11:03.19,661.14,29156274,663.19,29246679
Ichinose,226,0:11:03.19,0:11:05.08,663.19,29246679,665.08,29330028
Ichinose,230,0:11:09.88,0:11:11.22,669.88,29541708,671.22,29600802
Ichinose,231,0:11:11.22,0:11:13.08,671.22,29600802,673.08,29682828
Ichinose,233,0:11:14.05,0:11:15.48,674.05,29725604,675.48,29788668
Ichinose,236,0:11:19.68,0:11:22.85,679.68,29973887,682.85,30113685
Ichinose,238,0:11:25.40,0:11:28.28,685.4,30226140,688.28,30353148
Ichinose,239,0:11:28.28,0:11:30.86,688.28,30353148,690.86,30466926
Ichinose,240,0:11:30.86,0:11:33.85,690.86,30466926,693.85,30598785
Ichinose,241,0:11:33.85,0:11:38.61,693.85,30598785,698.61,30808701
Ichinose,242,0:11:38.61,0:11:40.85,698.61,30808701,700.85,30907485
Ichinose,243,0:11:40.75,0:11:45.85,700.75,30903075,705.85,31127985
Ichinose,245,0:11:49.30,0:11:55.15,709.3,31280129,715.15,31538115
Ichinose,247,0:11:58.55,0:12:06.05,718.55,31688054,726.05,32018804
Ichinose,249,0:12:07.25,0:12:09.15,727.25,32071725,729.15,32155515
Ichinose,255,0:12:29.60,0:12:34.85,749.6,33057360,754.85,33288885
Ichinose,256,0:12:34.85,0:12:40.50,754.85,33288885,760.5,33538050
Ichinose,257,0:12:40.50,0:12:42.05,760.5,33538050,762.05,33606405
Ichinose,259,0:12:43.80,0:12:46.50,763.8,33683580,766.5,33802650
Ichinose,261,0:12:47.80,0:12:49.30,767.8,33859980,769.3,33926130
Ichinose,262,0:12:50.80,0:12:53.80,770.8,33992280,773.8,34124580
Ichinose,264,0:12:56.05,0:12:57.80,776.05,34223805,777.8,34300980
Ichinose,268,0:13:05.50,0:13:07.45,785.5,34640550,787.45,34726545
Ichinose,270,0:13:08.60,0:13:10.35,788.6,34777260,790.35,34854435
Ichinose,272,0:13:12.80,0:13:18.95,792.8,34962480,798.95,35233695
Ichinose,273,0:13:19.55,0:13:23.50,799.55,35260155,803.5,35434350
Ichinose,275,0:13:26.20,0:13:31.95,806.2,35553420,811.95,35806995
Ichinose,280,0:13:43.30,0:13:48.47,823.3,36307530,828.47,36535527
Ichinose,281,0:13:48.47,0:13:52.30,828.47,36535527,832.3,36704430
Ichinose,283,0:13:56.60,0:13:58.75,836.6,36894060,838.75,36988875
Ichinose,286,0:14:04.60,0:14:08.72,844.6,37246860,848.72,37428552
Ichinose,287,0:14:08.72,0:14:13.15,848.72,37428552,853.15,37623915
Ichinose,289,0:14:15.15,0:14:18.30,855.15,37712115,858.3,37851030
Ichinose,291,0:14:19.85,0:14:23.55,859.85,37919385,863.55,38082555
Ichinose,294,0:14:29.60,0:14:30.85,869.6,38349360,870.85,38404485
Ichinose,297,0:14:36.85,0:14:41.06,876.85,38669085,881.06,38854746
Ichinose,298,0:14:41.06,0:14:44.35,881.06,38854746,884.35,38999835
Ichinose,299,0:14:44.35,0:14:47.15,884.35,38999835,887.15,39123315
Ichinose,300,0:14:47.15,0:14:49.86,887.15,39123315,889.86,39242826
Ichinose,301,0:14:49.86,0:14:52.48,889.86,39242826,892.48,39358368
Ichinose,302,0:14:52.48,0:14:55.30,892.48,39358368,895.3,39482730
Ichinose,304,0:14:56.95,0:14:58.90,896.95,39555495,898.9,39641490
Ichinose,306,0:15:05.25,0:15:11.10,905.25,39921525,911.1,40179510
Ichinose,310,0:15:19.20,0:15:21.70,919.2,40536720,921.7,40646970
Ichinose,311,0:15:22.80,0:15:26.75,922.8,40695480,926.75,40869675
Ichinose,314,0:15:33.20,0:15:38.49,933.2,41154120,938.49,41387409
Ichinose,315,0:15:38.49,0:15:43.60,938.49,41387409,943.6,41612760
Ichinose,316,0:15:44.05,0:15:49.50,944.05,41632605,949.5,41872950
Ichinose,319,0:15:53.35,0:15:55.90,953.35,42042735,955.9,42155190
Ichinose,322,0:16:02.50,0:16:08.35,962.5,42446250,968.35,42704235
Ichinose,324,0:16:11.55,0:16:13.20,971.55,42845355,973.2,42918120
Ichinose,326,0:16:18.75,0:16:22.30,978.75,43162875,982.3,43319430
Ichinose,329,0:16:29.30,0:16:31.82,989.3,43628130,991.82,43739262
Ichinose,330,0:16:31.82,0:16:34.80,991.82,43739262,994.8,43870680
Ichinose,331,0:16:34.80,0:16:39.60,994.8,43870680,999.6,44082360
Ichinose,335,0:16:48.50,0:16:51.90,1008.5,44474850,1011.9,44624790
Ichinose,338,0:16:54.45,0:16:56.04,1014.45,44737245,1016.04,44807364
Ichinose,339,0:16:56.04,0:16:57.60,1016.04,44807364,1017.6,44876160
Ichinose,340,0:16:58.25,0:17:01.05,1018.25,44904825,1021.05,45028305
Ichinose,341,0:17:02.35,0:17:04.25,1022.35,45085635,1024.25,45169425
Ichinose,342,0:17:05.35,0:17:07.27,1025.35,45217934,1027.27,45302607
Ichinose,343,0:17:07.27,0:17:08.15,1027.27,45302607,1028.15,45341415
Ichinose,345,0:17:13.80,0:17:17.24,1033.8,45590580,1037.24,45742284
Ichinose,346,0:17:17.24,0:17:20.30,1037.24,45742284,1040.3,45877230
Ichinose,349,0:17:25.65,0:17:31.50,1045.65,46113165,1051.5,46371150
Ichinose,354,0:17:42.80,0:17:44.75,1062.8,46869480,1064.75,46955475
Ichinose,358,0:17:52.70,0:17:56.15,1072.7,47306070,1076.15,47458215
Ichinose,360,0:17:59.20,0:18:02.31,1079.2,47592720,1082.31,47729871
Ichinose,361,0:18:02.31,0:18:04.85,1082.31,47729871,1084.85,47841884
Ichinose,363,0:18:07.40,0:18:11.40,1087.4,47954340,1091.4,48130740
Ichinose,369,0:18:26.10,0:18:30.30,1106.1,48779009,1110.3,48964230
Ichinose,370,0:18:30.30,0:18:34.85,1110.3,48964230,1114.85,49164884
Ichinose,373,0:18:41.75,0:18:46.10,1121.75,49469175,1126.1,49661009
Ichinose,374,0:18:46.10,0:18:48.15,1126.1,49661009,1128.15,49751415
Ichinose,375,0:18:49.45,0:18:51.15,1129.45,49808745,1131.15,49883715
Ichinose,377,0:18:53.00,0:18:54.90,1133.0,49965300,1134.9,50049090
Ichinose,378,0:18:54.90,0:18:56.45,1134.9,50049090,1136.45,50117445
Ichinose,381,0:19:01.45,0:19:03.45,1141.45,50337945,1143.45,50426145
Ichinose,385,0:19:08.80,0:19:12.70,1148.8,50662080,1152.7,50834070
Ichinose,386,0:19:12.70,0:19:15.65,1152.7,50834070,1155.65,50964165
Ichinose,389,0:19:19.20,0:19:21.95,1159.2,51120720,1161.95,51241995
Ichinose,397,0:19:49.90,0:19:50.75,1189.9,52474590,1190.75,52512075
Ichinose,399,0:19:55.00,0:19:57.80,1195.0,52699500,1197.8,52822980
Ichinose,401,0:20:00.25,0:20:06.40,1200.25,52931025,1206.4,53202240
Ichinose,403,0:20:10.25,0:20:14.35,1210.25,53372025,1214.35,53552834
Ichinose,407,0:20:21.40,0:20:24.10,1221.4,53863740,1224.1,53982809
Ichinose,411,0:20:36.20,0:20:39.60,1236.2,54516420,1239.6,54666359
Ichinose,412,0:20:39.60,0:20:42.40,1239.6,54666359,1242.4,54789840
Ichinose,415,0:20:47.70,0:20:49.90,1247.7,55023570,1249.9,55120590
Ichinose,417,0:20:52.90,0:20:56.97,1252.9,55252890,1256.97,55432377
Ichinose,418,0:20:56.97,0:20:58.18,1256.97,55432377,1258.18,55485738
Ichinose,419,0:20:58.18,0:21:03.20,1258.18,55485738,1263.2,55707120
Ichinose,421,0:21:05.30,0:21:08.05,1265.3,55799730,1268.05,55921005
Ichinose,423,0:21:11.00,0:21:12.70,1271.0,56051100,1272.7,56126070
Ichinose,424,0:21:12.70,0:21:15.25,1272.7,56126070,1275.25,56238525
Ichinose,426,0:21:16.85,0:21:21.00,1276.85,56309084,1281.0,56492100
Ichinose,427,0:21:21.00,0:21:23.40,1281.0,56492100,1283.4,56597940
Ichinose,429,0:21:24.35,0:21:25.31,1284.35,56639834,1285.31,56682171
Ichinose,430,0:21:25.31,0:21:28.13,1285.31,56682171,1288.13,56806533
Ichinose,431,0:21:28.13,0:21:30.60,1288.13,56806533,1290.6,56915459
Ichinose,433,0:21:32.20,0:21:36.90,1292.2,56986020,1296.9,57193290
Ichinose,435,0:21:38.00,0:21:43.00,1298.0,57241800,1303.0,57462300
Ichinose,437,0:21:43.40,0:21:47.20,1303.4,57479940,1307.2,57647520
Ichinose,439,0:21:48.55,0:21:51.40,1308.55,57707055,1311.4,57832740
Ichinose,440,0:21:52.45,0:21:56.75,1312.45,57879045,1316.75,58068675
Ichinose,442,0:22:01.35,0:22:05.93,1321.35,58271534,1325.93,58473513
Ichinose,443,0:22:05.93,0:22:13.15,1325.93,58473513,1333.15,58791915
Ichinose,446,0:22:21.75,0:22:29.10,1341.75,59171175,1349.1,59495309
Ichinose,447,0:22:30.10,0:22:31.70,1350.1,59539409,1351.7,59609970
Ichinose,450,0:22:40.45,0:22:42.55,1360.45,59995845,1362.55,60088455
Ichinose,454,0:22:52.10,0:22:52.75,1372.1,60509609,1372.75,60538275
Ichinose,455,0:22:52.75,0:22:56.95,1372.75,60538275,1376.95,60723495
Ichinose,458,0:23:02.60,0:23:05.34,1382.6,60972659,1385.34,61093494
Ichinose,459,0:23:05.34,0:23:07.60,1385.34,61093494,1387.6,61193159
Ichinose,460,0:23:07.60,0:23:08.95,1387.6,61193159,1388.95,61252695
Ichinose,463,0:23:17.50,0:23:21.80,1397.5,61629750,1401.8,61819380
Ichinose,465,0:23:24.75,0:23:25.65,1404.75,61949475,1405.65,61989165
Ichinose,467,0:23:28.55,0:23:29.30,1408.55,62117055,1409.3,62150130
Ichinose,470,0:23:35.15,0:23:36.10,1415.15,62408115,1416.1,62450009
Ichinose,471,0:23:36.70,0:23:37.55,1416.7,62476470,1417.55,62513955
Ichinose,473,0:23:39.75,0:23:45.10,1419.75,62610975,1425.1,62846909
Ichinose,475,0:23:48.95,0:23:50.90,1428.95,63016695,1430.9,63102690
Ichinose,477,0:23:54.25,0:23:57.15,1434.25,63250425,1437.15,63378315
Ichinose,484,0:24:15.60,0:24:16.45,1455.6,64191959,1456.45,64229445
Ichinose,488,0:24:23.65,0:24:25.40,1463.65,64546965,1465.4,64624140
Ichinose,491,0:24:29.10,0:24:30.70,1469.1,64787309,1470.7,64857870
Ichinose,492,0:24:30.70,0:24:33.10,1470.7,64857870,1473.1,64963709
Ichinose,493,0:24:33.75,0:24:35.69,1473.75,64992375,1475.69,65077929
Ichinose,494,0:24:35.69,0:24:37.68,1475.69,65077929,1477.68,65165688
Ichinose,495,0:24:37.68,0:24:39.45,1477.68,65165688,1479.45,65243745
Ichinose,496,0:24:39.45,0:24:42.57,1479.45,65243745,1482.57,65381337
Ichinose,497,0:24:42.57,0:24:43.90,1482.57,65381337,1483.9,65439990
Ichinose,498,0:24:43.90,0:24:46.35,1483.9,65439990,1486.35,65548034
Ichinose,499,0:24:46.35,0:24:50.09,1486.35,65548034,1490.09,65712969
Ichinose,500,0:24:50.09,0:24:54.40,1490.09,65712969,1494.4,65903040
Ichinose,501,0:24:54.40,0:24:57.25,1494.4,65903040,1497.25,66028725
Ichinose,503,0:24:58.75,0:25:00.35,1498.75,66094875,1500.35,66165434
Ichinose,504,0:25:01.40,0:25:02.55,1501.4,66211740,1502.55,66262455
Ichinose,506,0:25:06.60,0:25:11.85,1506.6,66441059,1511.85,66672584
Ichinose,508,0:25:16.70,0:25:18.45,1516.7,66886470,1518.45,66963645
Ichinose,510,0:25:19.85,0:25:21.80,1519.85,67025384,1521.8,67111380
Ichinose,512,0:25:26.20,0:25:31.65,1526.2,67305420,1531.65,67545765
Ichinose,513,0:25:31.65,0:25:35.40,1531.65,67545765,1535.4,67711140
Ichinose,514,0:25:35.40,0:25:39.15,1535.4,67711140,1539.15,67876515
Ichinose,515,0:25:39.15,0:25:43.15,1539.15,67876515,1543.15,68052915
Ichinose,516,0:25:44.20,0:25:47.35,1544.2,68099220,1547.35,68238135
Ichinose,517,0:25:47.35,0:25:50.00,1547.35,68238135,1550.0,68355000
Ichinose,518,0:25:51.80,0:25:54.18,1551.8,68434380,1554.18,68539338
Ichinose,519,0:25:54.18,0:25:57.53,1554.18,68539338,1557.53,68687073
Ichinose,520,0:25:57.53,0:25:59.55,1557.53,68687073,1559.55,68776155
Ichinose,522,0:26:00.85,0:26:05.45,1560.85,68833485,1565.45,69036345
Ichinose,523,0:26:06.90,0:26:09.65,1566.9,69100290,1569.65,69221565
Ichinose,524,0:26:10.75,0:26:16.00,1570.75,69270075,1576.0,69501600
Ichinose,526,0:26:18.05,0:26:20.95,1578.05,69592005,1580.95,69719895
Ichinose,528,0:26:24.20,0:26:27.50,1584.2,69863220,1587.5,70008750
Ichinose,530,0:26:28.60,0:26:30.20,1588.6,70057260,1590.2,70127820
Ichinose,532,0:26:36.30,0:26:38.25,1596.3,70396830,1598.25,70482825
Ichinose,534,0:26:43.90,0:26:45.30,1603.9,70731990,1605.3,70793730
Ichinose,535,0:26:46.30,0:26:48.15,1606.3,70837830,1608.15,70919415
Ichinose,537,0:26:52.80,0:26:57.95,1612.8,71124480,1617.95,71351595
Ichinose,539,0:27:00.90,0:27:03.63,1620.9,71481690,1623.63,71602083
Ichinose,540,0:27:03.63,0:27:06.75,1623.63,71602083,1626.75,71739675
Ichinose,541,0:27:06.75,0:27:08.90,1626.75,71739675,1628.9,71834490
Ichinose,543,0:27:10.55,0:27:16.96,1630.55,71907255,1636.96,72189936
Ichinose,544,0:27:16.96,0:27:19.00,1636.96,72189936,1639.0,72279900
Ichinose,546,0:27:21.65,0:27:24.60,1641.65,72396765,1644.6,72526860
Ichinose,548,0:27:26.50,0:27:27.45,1646.5,72610650,1647.45,72652545
Ichinose,551,0:27:34.10,0:27:36.10,1654.1,72945810,1656.1,73034010
Ichinose,553,0:27:39.55,0:27:42.34,1659.55,73186155,1662.34,73309194
Ichinose,554,0:27:42.34,0:27:45.35,1662.34,73309194,1665.35,73441935
Ichinose,555,0:27:47.50,0:27:54.55,1667.5,73536750,1674.55,73847655
Ichinose,556,0:27:54.55,0:27:57.05,1674.55,73847655,1677.05,73957905
Ichinose,557,0:27:57.05,0:27:58.55,1677.05,73957905,1678.55,74024055
Ichinose,558,0:27:58.55,0:28:01.40,1678.55,74024055,1681.4,74149740
Ichinose,559,0:28:01.40,0:28:02.90,1681.4,74149740,1682.9,74215890
Ichinose,560,0:28:02.90,0:28:05.92,1682.9,74215890,1685.92,74349072
Ichinose,561,0:28:05.92,0:28:08.80,1685.92,74349072,1688.8,74476080
Ichinose,562,0:28:08.80,0:28:15.85,1688.8,74476080,1695.85,74786985
Ichinose,564,0:28:17.10,0:28:19.55,1697.1,74842110,1699.55,74950155
Ichinose,566,0:28:20.95,0:28:23.55,1700.95,75011895,1703.55,75126555
Ichinose,568,0:28:25.30,0:28:26.60,1705.3,75203730,1706.6,75261060
Ichinose,570,0:28:30.60,0:28:34.95,1710.6,75437460,1714.95,75629295
Ichinose,572,0:28:37.90,0:28:39.90,1717.9,75759390,1719.9,75847590
Ichinose,573,0:28:39.90,0:28:43.45,1719.9,75847590,1723.45,76004145
Ichinose,575,0:28:44.85,0:28:47.88,1724.85,76065885,1727.88,76199508
Ichinose,576,0:28:47.88,0:28:53.05,1727.88,76199508,1733.05,76427505
Ichinose,578,0:28:56.35,0:29:00.99,1736.35,76573035,1740.99,76777659
Ichinose,579,0:29:00.99,0:29:04.00,1740.99,76777659,1744.0,76910400
Ichinose,581,0:29:09.30,0:29:10.50,1749.3,77144130,1750.5,77197050
Ichinose,583,0:29:15.15,0:29:18.44,1755.15,77402115,1758.44,77547204
Ichinose,584,0:29:18.44,0:29:21.35,1758.44,77547204,1761.35,77675535
Ichinose,585,0:29:21.35,0:29:23.20,1761.35,77675535,1763.2,77757120
Ichinose,587,0:29:25.35,0:29:26.65,1765.35,77851935,1766.65,77909265
Ichinose,592,0:29:45.70,0:29:49.10,1785.7,78749370,1789.1,78899310
Ichinose,593,0:29:50.45,0:29:54.15,1790.45,78958845,1794.15,79122015
Ichinose,594,0:29:54.80,0:29:59.50,1794.8,79150680,1799.5,79357950
Ichinose,595,0:30:01.40,0:30:04.50,1801.4,79441740,1804.5,79578450
Ichinose,596,0:30:04.50,0:30:06.40,1804.5,79578450,1806.4,79662240
Ichinose,598,0:30:08.95,0:30:11.60,1808.95,79774695,1811.6,79891560
Ichinose,600,0:30:15.10,0:30:17.91,1815.1,80045910,1817.91,80169831
Ichinose,601,0:30:17.91,0:30:20.72,1817.91,80169831,1820.72,80293752
Ichinose,602,0:30:20.72,0:30:23.15,1820.72,80293752,1823.15,80400915
Ichinose,603,0:30:23.15,0:30:25.65,1823.15,80400915,1825.65,80511165
Ichinose,604,0:30:25.65,0:30:31.70,1825.65,80511165,1831.7,80777970
Ichinose,606,0:30:34.00,0:30:38.35,1834.0,80879400,1838.35,81071235
Ichinose,609,0:30:41.55,0:30:46.70,1841.55,81212355,1846.7,81439470
Ichinose,611,0:30:49.40,0:30:53.95,1849.4,81558540,1853.95,81759195
Ichinose,613,0:30:55.15,0:31:00.35,1855.15,81812115,1860.35,82041435
Ichinose,614,0:31:00.35,0:31:02.90,1860.35,82041435,1862.9,82153890
Ichinose,616,0:31:07.35,0:31:10.20,1867.35,82350135,1870.2,82475820
Ichinose,618,0:31:13.05,0:31:20.70,1873.05,82601505,1880.7,82938870
Ichinose,620,0:31:22.10,0:31:25.55,1882.1,83000610,1885.55,83152755
Ichinose,622,0:31:26.60,0:31:30.75,1886.6,83199060,1890.75,83382075
Ichinose,624,0:31:34.25,0:31:37.85,1894.25,83536425,1897.85,83695185
Ichinose,625,0:31:37.85,0:31:41.80,1897.85,83695185,1901.8,83869380
Ichinose,627,0:31:45.40,0:31:47.15,1905.4,84028140,1907.15,84105315
Ichinose,630,0:31:53.75,0:31:55.75,1913.75,84396375,1915.75,84484575
Ichinose,631,0:31:55.75,0:31:58.15,1915.75,84484575,1918.15,84590415
Ichinose,633,0:32:02.75,0:32:04.75,1922.75,84793275,1924.75,84881475
Ichinose,635,0:32:06.75,0:32:07.85,1926.75,84969675,1927.85,85018185
Ichinose,645,0:32:33.80,0:32:37.20,1953.8,86162580,1957.2,86312520
Ichinose,647,0:32:43.40,0:32:48.50,1963.4,86585940,1968.5,86810850
Ichinose,649,0:32:51.65,0:32:54.10,1971.65,86949765,1974.1,87057810
Ichinose,651,0:32:56.80,0:33:00.20,1976.8,87176880,1980.2,87326820
Ichinose,654,0:33:08.10,0:33:09.94,1988.1,87675210,1989.94,87756354
Ichinose,655,0:33:09.94,0:33:12.65,1989.94,87756354,1992.65,87875865
Ichinose,658,0:33:18.60,0:33:19.85,1998.6,88138260,1999.85,88193385
Ichinose,664,0:33:35.25,0:33:38.25,2015.25,88872525,2018.25,89004825
Ichinose,667,0:33:42.15,0:33:44.85,2022.15,89176815,2024.85,89295885
Ichinose,669,0:33:49.50,0:34:00.45,2029.5,89500950,2040.45,89983845
Ichinose,671,0:34:02.35,0:34:07.10,2042.35,90067635,2047.1,90277110
Ichinose,672,0:34:07.10,0:34:14.50,2047.1,90277110,2054.5,90603450
Ichinose,673,0:34:14.50,0:34:17.45,2054.5,90603450,2057.45,90733544
Ichinose,675,0:34:20.00,0:34:23.20,2060.0,90846000,2063.2,90987119
Ichinose,677,0:34:28.00,0:34:32.75,2068.0,91198800,2072.75,91408275
Ichinose,679,0:34:37.20,0:34:40.32,2077.2,91604519,2080.32,91742112
Ichinose,680,0:34:40.32,0:34:44.95,2080.32,91742112,2084.95,91946294
Ichinose,687,0:35:08.45,0:35:14.02,2108.45,92982644,2114.02,93228282
Ichinose,688,0:35:14.02,0:35:17.55,2114.02,93228282,2117.55,93383955
Ichinose,690,0:35:19.25,0:35:23.25,2119.25,93458925,2123.25,93635325
Ichinose,691,0:35:23.25,0:35:27.24,2123.25,93635325,2127.24,93811283
Ichinose,692,0:35:27.24,0:35:29.90,2127.24,93811283,2129.9,93928590
Ichinose,694,0:35:32.70,0:35:34.20,2132.7,94052069,2134.2,94118219
Ichinose,697,0:35:44.50,0:35:49.01,2144.5,94572450,2149.01,94771341
Ichinose,698,0:35:49.01,0:35:52.25,2149.01,94771341,2152.25,94914225
Ichinose,699,0:35:53.30,0:36:00.50,2153.3,94960530,2160.5,95278050
Ichinose,701,0:36:03.05,0:36:04.10,2163.05,95390505,2164.1,95436810
Ichinose,704,0:36:13.15,0:36:17.15,2173.15,95835915,2177.15,96012315
Ichinose,706,0:36:21.60,0:36:25.43,2181.6,96208560,2185.43,96377463
Ichinose,707,0:36:25.43,0:36:30.35,2185.43,96377463,2190.35,96594435
Ichinose,708,0:36:31.00,0:36:33.75,2191.0,96623100,2193.75,96744375
Ichinose,710,0:36:36.95,0:36:43.31,2196.95,96885494,2203.31,97165971
Ichinose,711,0:36:43.31,0:36:48.05,2203.31,97165971,2208.05,97375005
Ichinose,713,0:36:49.80,0:36:52.13,2209.8,97452180,2212.13,97554933
Ichinose,714,0:36:52.13,0:36:54.80,2212.13,97554933,2214.8,97672680
Ichinose,716,0:36:58.85,0:37:00.75,2218.85,97851285,2220.75,97935075
Ichinose,718,0:37:03.35,0:37:05.98,2223.35,98049735,2225.98,98165718
Ichinose,719,0:37:05.98,0:37:08.70,2225.98,98165718,2228.7,98285669
Ichinose,721,0:37:13.45,0:37:16.42,2233.45,98495144,2236.42,98626122
Ichinose,722,0:37:16.42,0:37:19.33,2236.42,98626122,2239.33,98754453
Ichinose,723,0:37:19.33,0:37:22.25,2239.33,98754453,2242.25,98883225
Ichinose,725,0:37:24.25,0:37:30.21,2244.25,98971425,2250.21,99234261
Ichinose,726,0:37:30.21,0:37:35.70,2250.21,99234261,2255.7,99476369
Ichinose,727,0:37:36.20,0:37:39.70,2256.2,99498419,2259.7,99652769
Ichinose,728,0:37:40.35,0:37:44.50,2260.35,99681435,2264.5,99864450
Ichinose,729,0:37:44.50,0:37:46.45,2264.5,99864450,2266.45,99950444
Ichinose,731,0:37:48.05,0:37:51.40,2268.05,100021005,2271.4,100168740
Ichinose,733,0:37:52.40,0:37:53.00,2272.4,100212840,2273.0,100239300
Ichinose,735,0:37:54.60,0:37:57.15,2274.6,100309860,2277.15,100422315
Ichinose,747,0:38:34.50,0:38:36.25,2314.5,102069450,2316.25,102146625
Ichinose,749,0:38:38.95,0:38:41.50,2318.95,102265694,2321.5,102378150
Ichinose,751,0:38:43.85,0:38:48.25,2323.85,102481785,2328.25,102675825
Ichinose,752,0:38:49.65,0:38:56.41,2329.65,102737565,2336.41,103035681
Ichinose,753,0:38:56.41,0:39:02.70,2336.41,103035681,2342.7,103313069
Ichinose,754,0:39:02.70,0:39:07.90,2342.7,103313069,2347.9,103542390
Ichinose,755,0:39:08.85,0:39:09.85,2348.85,103584285,2349.85,103628385
Ichinose,756,0:39:11.50,0:39:15.42,2351.5,103701150,2355.42,103874022
Ichinose,757,0:39:15.42,0:39:20.95,2355.42,103874022,2360.95,104117894
Ichinose,758,0:39:20.95,0:39:23.55,2360.95,104117894,2363.55,104232555
Ichinose,760,0:39:25.30,0:39:28.75,2365.3,104309730,2368.75,104461875
Ichinose,761,0:39:28.75,0:39:33.25,2368.75,104461875,2373.25,104660325
Ichinose,762,0:39:33.25,0:39:40.70,2373.25,104660325,2380.7,104988869
Ichinose,763,0:39:42.30,0:39:45.10,2382.3,105059430,2385.1,105182910
Ichinose,765,0:39:46.90,0:39:48.95,2386.9,105262290,2388.95,105352694
Ichinose,767,0:39:52.15,0:39:53.95,2392.15,105493815,2393.95,105573194
Ichinose,769,0:39:57.85,0:40:00.51,2397.85,105745185,2400.51,105862491
Ichinose,770,0:40:00.51,0:40:04.15,2400.51,105862491,2404.15,106023015
Ichinose,773,0:40:09.70,0:40:13.40,2409.7,106267769,2413.4,106430940
Ichinose,774,0:40:15.10,0:40:18.67,2415.1,106505910,2418.67,106663347
Ichinose,775,0:40:18.67,0:40:22.22,2418.67,106663347,2422.22,106819901
Ichinose,776,0:40:22.22,0:40:24.45,2422.22,106819901,2424.45,106918244
Ichinose,778,0:40:29.65,0:40:32.50,2429.65,107147565,2432.5,107273250
Ichinose,780,0:40:33.20,0:40:35.15,2433.2,107304119,2435.15,107390115
Ichinose,782,0:40:39.65,0:40:42.38,2439.65,107588565,2442.38,107708958
Ichinose,783,0:40:42.38,0:40:45.00,2442.38,107708958,2445.0,107824500
Ichinose,785,0:40:49.55,0:40:52.25,2449.55,108025155,2452.25,108144225
Ichinose,787,0:40:58.40,0:41:04.65,2458.4,108415440,2464.65,108691065
Ichinose,789,0:41:07.05,0:41:12.35,2467.05,108796905,2472.35,109030635
Ichinose,791,0:41:12.35,0:41:16.05,2472.35,109030635,2476.05,109193805
Ichinose,796,0:41:32.55,0:41:38.00,2492.55,109921455,2498.0,110161800
Ichinose,797,0:41:38.00,0:41:41.74,2498.0,110161800,2501.74,110326733
Ichinose,798,0:41:41.74,0:41:45.65,2501.74,110326733,2505.65,110499165
Ichinose,800,0:41:47.05,0:41:50.61,2507.05,110560905,2510.61,110717901
Ichinose,801,0:41:50.61,0:41:53.45,2510.61,110717901,2513.45,110843144
Ichinose,804,0:42:02.35,0:42:04.35,2522.35,111235635,2524.35,111323835
Ichinose,806,0:42:05.40,0:42:08.25,2525.4,111370140,2528.25,111495825
Ichinose,807,0:42:09.40,0:42:12.35,2529.4,111546540,2532.35,111676635
Ichinose,809,0:42:14.40,0:42:20.35,2534.4,111767040,2540.35,112029435
Ichinose,810,0:42:21.25,0:42:27.35,2541.25,112069125,2547.35,112338135
Ichinose,814,0:42:33.75,0:42:37.90,2553.75,112620375,2557.9,112803390
Ichinose,815,0:42:37.90,0:42:40.15,2557.9,112803390,2560.15,112902615
Ichinose,816,0:42:40.15,0:42:44.15,2560.15,112902615,2564.15,113079015
Ichinose,819,0:42:49.30,0:42:53.15,2569.3,113306130,2573.15,113475915
Ichinose,821,0:42:55.40,0:42:57.60,2575.4,113575140,2577.6,113672160
Ichinose,823,0:43:02.10,0:43:05.59,2582.1,113870610,2585.59,114024519
Ichinose,824,0:43:05.59,0:43:08.03,2585.59,114024519,2588.03,114132123
Ichinose,825,0:43:08.03,0:43:11.70,2588.03,114132123,2591.7,114293969
Ichinose,827,0:43:14.40,0:43:17.47,2594.4,114413040,2597.47,114548426
Ichinose,828,0:43:17.47,0:43:19.65,2597.47,114548426,2599.65,114644565
Ichinose,831,0:43:27.55,0:43:34.35,2607.55,114992955,2614.35,115292835
Ichinose,833,0:43:36.80,0:43:40.70,2616.8,115400880,2620.7,115572869
Ichinose,835,0:43:48.00,0:43:52.61,2628.0,115894800,2632.61,116098101
Ichinose,836,0:43:52.61,0:43:59.45,2632.61,116098101,2639.45,116399744
Ichinose,842,0:44:18.95,0:44:21.65,2658.95,117259694,2661.65,117378765
Ichinose,844,0:44:26.40,0:44:28.03,2666.4,117588240,2668.03,117660123
Ichinose,845,0:44:28.03,0:44:35.05,2668.03,117660123,2675.05,117969705
Ichinose,847,0:44:41.90,0:44:45.70,2681.9,118271790,2685.7,118439369
Ichinose,850,0:44:53.00,0:44:54.25,2693.0,118761300,2694.25,118816425
Ichinose,852,0:44:58.75,0:45:05.35,2698.75,119014875,2705.35,119305935
Ichinose,853,0:45:06.55,0:45:13.40,2706.55,119358855,2713.4,119660940
Ichinose,855,0:45:16.95,0:45:24.85,2716.95,119817494,2724.85,120165885
Ichinose,857,0:45:28.55,0:45:32.45,2728.55,120329055,2732.45,120501044
Ichinose,859,0:45:33.65,0:45:38.50,2733.65,120553965,2738.5,120767850
Ichinose,861,0:45:40.85,0:45:46.20,2740.85,120871485,2746.2,121107419
Ichinose,863,0:45:48.00,0:45:51.09,2748.0,121186800,2751.09,121323069
Ichinose,864,0:45:51.09,0:45:53.15,2751.09,121323069,2753.15,121413915
Ichinose,866,0:45:55.80,0:45:56.59,2755.8,121530780,2756.59,121565619
Ichinose,867,0:45:56.59,0:45:59.44,2756.59,121565619,2759.44,121691304
Ichinose,868,0:45:59.44,0:46:01.34,2759.44,121691304,2761.34,121775094
Ichinose,869,0:46:01.34,0:46:03.30,2761.34,121775094,2763.3,121861530
Ichinose,870,0:46:03.30,0:46:07.85,2763.3,121861530,2767.85,122062185
Ichinose,872,0:46:11.25,0:46:14.70,2771.25,122212125,2774.7,122364269
Ichinose,873,0:46:16.70,0:46:22.55,2776.7,122452469,2782.55,122710455
Ichinose,875,0:46:24.40,0:46:26.95,2784.4,122792040,2786.95,122904494
Ichinose,877,0:46:28.80,0:46:33.90,2788.8,122986080,2793.9,123210990
Ichinose,879,0:46:36.35,0:46:40.70,2796.35,123319035,2800.7,123510869
Ichinose,881,0:46:42.90,0:46:45.90,2802.9,123607890,2805.9,123740190
Ichinose,882,0:46:45.90,0:46:50.05,2805.9,123740190,2810.05,123923205
Ichinose,883,0:46:50.05,0:46:52.65,2810.05,123923205,2812.65,124037865
Ichinose,884,0:46:52.65,0:46:57.25,2812.65,124037865,2817.25,124240725
Ichinose,885,0:46:57.25,0:47:01.60,2817.25,124240725,2821.6,124432560
Ichinose,887,0:47:05.00,0:47:08.40,2825.0,124582500,2828.4,124732440
Ichinose,889,0:47:12.10,0:47:16.90,2832.1,124895610,2836.9,125107290
Ichinose,890,0:47:16.90,0:47:23.35,2836.9,125107290,2843.35,125391735
Ichinose,891,0:47:24.45,0:47:28.15,2844.45,125440244,2848.15,125603415
Ichinose,892,0:47:28.15,0:47:32.85,2848.15,125603415,2852.85,125810685
Ichinose,894,0:47:34.60,0:47:37.55,2854.6,125887860,2857.55,126017955
Ichinose,895,0:47:37.55,0:47:40.75,2857.55,126017955,2860.75,126159075
Ichinose,898,0:47:44.50,0:47:46.15,2864.5,126324450,2866.15,126397215
Ichinose,900,0:47:47.30,0:47:50.00,2867.3,126447930,2870.0,126567000
Ichinose,902,0:47:52.25,0:47:57.30,2872.25,126666225,2877.3,126888930
Ichinose,905,0:48:02.30,0:48:04.80,2882.3,127109430,2884.8,127219680
Ichinose,912,0:48:29.80,0:48:35.20,2909.8,128322180,2915.2,128560319
Ichinose,913,0:48:36.70,0:48:41.20,2916.7,128626469,2921.2,128824919
Ichinose,915,0:48:42.00,0:48:46.95,2922.0,128860200,2926.95,129078494
Ichinose,917,0:48:48.15,0:48:49.63,2928.15,129131415,2929.63,129196683
Ichinose,918,0:48:49.63,0:48:51.40,2929.63,129196683,2931.4,129274740
Ichinose,919,0:48:51.40,0:48:53.45,2931.4,129274740,2933.45,129365144
Ichinose,921,0:48:55.95,0:48:56.80,2935.95,129475394,2936.8,129512880
Ichinose,923,0:48:57.85,0:48:59.05,2937.85,129559185,2939.05,129612105
Ichinose,924,0:48:59.05,0:49:01.45,2939.05,129612105,2941.45,129717944
Ichinose,925,0:49:01.45,0:49:04.07,2941.45,129717944,2944.07,129833487
Ichinose,926,0:49:04.69,0:49:06.50,2944.69,129860829,2946.5,129940650
Ichinose,927,0:49:06.50,0:49:09.05,2946.5,129940650,2949.05,130053105
Ichinose,928,0:49:09.05,0:49:11.05,2949.05,130053105,2951.05,130141305
Ichinose,931,0:49:13.76,0:49:19.00,2953.76,130260816,2959.0,130491900
Ichinose,932,0:49:19.00,0:49:21.72,2959.0,130491900,2961.72,130611851
Ichinose,933,0:49:21.72,0:49:23.77,2961.72,130611851,2963.77,130702257
Ichinose,934,0:49:23.77,0:49:25.05,2963.77,130702257,2965.05,130758705
Ichinose,935,0:49:25.05,0:49:27.23,2965.05,130758705,2967.23,130854843
Ichinose,936,0:49:27.23,0:49:29.72,2967.23,130854843,2969.72,130964651
Ichinose,937,0:49:29.72,0:49:31.27,2969.72,130964651,2971.27,131033007
Ichinose,938,0:49:31.27,0:49:33.18,2971.27,131033007,2973.18,131117238
Ichinose,939,0:49:33.18,0:49:36.12,2973.18,131117238,2976.12,131246892
Ichinose,940,0:49:34.83,0:49:37.98,2974.83,131190003,2977.98,131328918
Ichinose,942,0:49:39.76,0:49:41.76,2979.76,131407416,2981.76,131495616
Ichinose,943,0:49:41.76,0:49:44.43,2981.76,131495616,2984.43,131613363
Ichinose,944,0:49:44.43,0:49:46.92,2984.43,131613363,2986.92,131723172
Ichinose,946,0:49:49.00,0:49:52.43,2989.0,131814900,2992.43,131966163
Ichinose,948,0:49:53.85,0:49:57.36,2993.85,132028785,2997.36,132183576
Ichinose,950,0:49:59.40,0:50:01.89,2999.4,132273540,3001.89,132383349
Ichinose,953,0:50:05.45,0:50:08.75,3005.45,132540344,3008.75,132685875
Ichinose,954,0:50:08.75,0:50:10.96,3008.75,132685875,3010.96,132783336
Ichinose,955,0:50:10.96,0:50:13.50,3010.96,132783336,3013.5,132895350
Ichinose,956,0:50:13.50,0:50:17.40,3013.5,132895350,3017.4,133067340
Ichinose,957,0:50:17.40,0:50:22.65,3017.4,133067340,3022.65,133298865
Ichinose,958,0:50:22.65,0:50:26.05,3022.65,133298865,3026.05,133448805
Ichinose,959,0:50:26.05,0:50:28.45,3026.05,133448805,3028.45,133554644
Ichinose,960,0:50:28.45,0:50:30.45,3028.45,133554644,3030.45,133642844
Ichinose,962,0:50:34.00,0:50:35.20,3034.0,133799400,3035.2,133852319
Ichinose,963,0:50:35.20,0:50:38.35,3035.2,133852319,3038.35,133991235
Ichinose,965,0:50:43.30,0:50:44.62,3043.3,134209530,3044.62,134267742
Ichinose,966,0:50:44.62,0:50:47.43,3044.62,134267742,3047.43,134391663
Ichinose,967,0:50:47.43,0:50:50.17,3047.43,134391663,3050.17,134512497
Ichinose,968,0:50:50.17,0:50:52.50,3050.17,134512497,3052.5,134615250
Ichinose,970,0:50:54.75,0:50:58.90,3054.75,134714475,3058.9,134897490
Ichinose,972,0:51:00.65,0:51:04.10,3060.65,134974665,3064.1,135126810
Ichinose,974,0:51:06.95,0:51:10.80,3066.95,135252495,3070.8,135422280
Ichinose,976,0:51:12.20,0:51:15.10,3072.2,135484020,3075.1,135611910
Ichinose,977,0:51:16.90,0:51:18.50,3076.9,135691290,3078.5,135761850
Ichinose,979,0:51:20.35,0:51:23.45,3080.35,135843435,3083.45,135980145
Ichinose,980,0:51:23.45,0:51:27.20,3083.45,135980145,3087.2,136145520
Ichinose,981,0:51:27.20,0:51:29.35,3087.2,136145520,3089.35,136240335
Ichinose,982,0:51:30.85,0:51:32.25,3090.85,136306485,3092.25,136368225
Ichinose,986,0:51:40.25,0:51:43.60,3100.25,136721025,3103.6,136868760
Ichinose,992,0:51:55.35,0:51:59.45,3115.35,137386935,3119.45,137567745
Ichinose,993,0:51:59.45,0:52:01.85,3119.45,137567745,3121.85,137673585
Ichinose,995,0:52:06.10,0:52:07.70,3126.1,137861010,3127.7,137931570
Ichinose,997,0:52:12.10,0:52:13.10,3132.1,138125610,3133.1,138169710
Ichinose,998,0:52:14.05,0:52:16.55,3134.05,138211605,3136.55,138321855
Ichinose,1000,0:52:20.75,0:52:21.85,3140.75,138507075,3141.85,138555585
Ichinose,1001,0:52:21.85,0:52:23.05,3141.85,138555585,3143.05,138608505
Ichinose,1007,0:52:41.10,0:52:41.41,3161.1,139404510,3161.41,139418181
Ichinose,1008,0:52:41.41,0:52:44.44,3161.41,139418181,3164.44,139551804
Ichinose,1009,0:52:44.44,0:52:47.65,3164.44,139551804,3167.65,139693365
Ichinose,1012,0:52:56.75,0:52:59.01,3176.75,140094675,3179.01,140194341
Ichinose,1013,0:52:59.01,0:53:02.85,3179.01,140194341,3182.85,140363685
Ichinose,1014,0:53:02.85,0:53:07.10,3182.85,140363685,3187.1,140551110
Ichinose,1015,0:53:07.10,0:53:10.74,3187.1,140551110,3190.74,140711634
Ichinose,1016,0:53:10.74,0:53:14.15,3190.74,140711634,3194.15,140862015
Ichinose,1017,0:53:14.15,0:53:18.41,3194.15,140862015,3198.41,141049881
Ichinose,1018,0:53:18.41,0:53:21.65,3198.41,141049881,3201.65,141192765
Ichinose,1024,0:53:43.65,0:53:46.60,3223.65,142162965,3226.6,142293060
Ichinose,1025,0:53:47.30,0:53:52.75,3227.3,142323930,3232.75,142564275
Ichinose,1026,0:53:52.75,0:53:57.59,3232.75,142564275,3237.59,142777719
Ichinose,1027,0:53:57.59,0:54:00.60,3237.59,142777719,3240.6,142910460
Ichinose,1029,0:54:02.85,0:54:09.45,3242.85,143009685,3249.45,143300745
Ichinose,1030,0:54:09.45,0:54:13.06,3249.45,143300745,3253.06,143459946
Ichinose,1031,0:54:13.06,0:54:15.80,3253.06,143459946,3255.8,143580780
Ichinose,1032,0:54:18.25,0:54:22.85,3258.25,143688825,3262.85,143891685
Ichinose,1033,0:54:22.85,0:54:27.55,3262.85,143891685,3267.55,144098955
Ichinose,1034,0:54:27.55,0:54:30.80,3267.55,144098955,3270.8,144242280
Ichinose,1035,0:54:30.80,0:54:33.99,3270.8,144242280,3273.99,144382959
Ichinose,1036,0:54:33.99,0:54:37.40,3273.99,144382959,3277.4,144533340
Ichinose,1037,0:54:37.40,0:54:41.70,3277.4,144533340,3281.7,144722970
Ichinose,1039,0:54:44.35,0:54:47.15,3284.35,144839835,3287.15,144963315
Ichinose,1041,0:54:51.40,0:54:55.70,3291.4,145150740,3295.7,145340370
Ichinose,1043,0:54:57.00,0:54:59.30,3297.0,145397700,3299.3,145499130
Ichinose,1045,0:55:00.60,0:55:02.20,3300.6,145556460,3302.2,145627020
Ichinose,1047,0:55:04.05,0:55:07.65,3304.05,145708605,3307.65,145867365
Ichinose,1048,0:55:07.65,0:55:09.85,3307.65,145867365,3309.85,145964385
Ichinose,1050,0:55:12.10,0:55:19.15,3312.1,146063610,3319.15,146374515
Ichinose,1052,0:55:20.00,0:55:22.30,3320.0,146412000,3322.3,146513430
Ichinose,1054,0:55:24.20,0:55:28.40,3324.2,146597220,3328.4,146782440
Ichinose,1055,0:55:28.40,0:55:30.20,3328.4,146782440,3330.2,146861820
Ichinose,1057,0:55:33.95,0:55:35.75,3333.95,147027195,3335.75,147106575
Ichinose,1059,0:55:39.55,0:55:43.05,3339.55,147274155,3343.05,147428505
Ichinose,1061,0:55:46.75,0:55:48.45,3346.75,147591675,3348.45,147666645
Ichinose,1063,0:55:51.50,0:55:53.60,3351.5,147801150,3353.6,147893760
Ichinose,1064,0:55:53.60,0:55:56.10,3353.6,147893760,3356.1,148004010
Ichinose,1071,0:56:20.95,0:56:23.54,3380.95,149099895,3383.54,149214114
Ichinose,1072,0:56:23.54,0:56:26.05,3383.54,149214114,3386.05,149324805
Ichinose,1074,0:56:29.70,0:56:33.25,3389.7,149485770,3393.25,149642325
Ichinose,1077,0:56:38.85,0:56:40.50,3398.85,149889285,3400.5,149962050
Ichinose,1078,0:56:40.50,0:56:43.95,3400.5,149962050,3403.95,150114195
Ichinose,1080,0:56:51.20,0:56:53.02,3411.2,150433920,3413.02,150514182
Ichinose,1081,0:56:53.02,0:56:55.65,3413.02,150514182,3415.65,150630165
Ichinose,1083,0:56:59.60,0:57:02.10,3419.6,150804360,3422.1,150914610
Ichinose,1084,0:57:02.10,0:57:06.50,3422.1,150914610,3426.5,151108650
Ichinose,1087,0:57:12.65,0:57:15.50,3432.65,151379865,3435.5,151505550
Ichinose,1089,0:57:24.40,0:57:27.30,3444.4,151898040,3447.3,152025930
Ichinose,1091,0:57:29.60,0:57:30.80,3449.6,152127360,3450.8,152180280
Tamaki,0,0:00:03.48,0:00:05.82,3.48,153468,5.82,256662
Tamaki,1,0:00:05.82,0:00:07.71,5.82,256662,7.71,340011
Tamaki,2,0:00:07.71,0:00:08.85,7.71,340011,8.85,390285
Tamaki,4,0:00:10.00,0:00:14.05,10.0,441000,14.05,619605
Tamaki,5,0:00:14.05,0:00:16.08,14.05,619605,16.08,709127
Tamaki,6,0:00:16.08,0:00:17.65,16.08,709127,17.65,778364
Tamaki,7,0:00:17.65,0:00:19.42,17.65,778364,19.42,856422
Tamaki,8,0:00:19.42,0:00:22.45,19.42,856422,22.45,990045
Tamaki,13,0:00:38.91,0:00:41.65,38.91,1715930,41.65,1836765
Tamaki,15,0:00:45.60,0:00:48.40,45.6,2010960,48.4,2134440
Tamaki,16,0:00:48.40,0:00:50.58,48.4,2134440,50.58,2230578
Tamaki,17,0:00:50.58,0:00:53.57,50.58,2230578,53.57,2362437
Tamaki,18,0:00:53.57,0:00:56.11,53.57,2362437,56.11,2474451
Tamaki,19,0:00:56.11,0:00:59.08,56.11,2474451,59.08,2605428
Tamaki,21,0:01:03.37,0:01:06.40,63.37,2794617,66.4,2928240
Tamaki,22,0:01:06.40,0:01:08.74,66.4,2928240,68.74,3031434
Tamaki,23,0:01:08.74,0:01:12.22,68.74,3031434,72.22,3184902
Tamaki,26,0:01:19.48,0:01:21.07,79.48,3505068,81.07,3575186
Tamaki,27,0:01:21.07,0:01:23.71,81.07,3575186,83.71000000000001,3691611
Tamaki,28,0:01:23.71,0:01:27.30,83.71000000000001,3691611,87.3,3849930
Tamaki,29,0:01:27.30,0:01:30.40,87.3,3849930,90.4,3986640
Tamaki,30,0:01:30.40,0:01:33.78,90.4,3986640,93.78,4135698
Tamaki,31,0:01:33.78,0:01:36.73,93.78,4135698,96.72999999999999,4265793
Tamaki,32,0:01:36.73,0:01:39.37,96.72999999999999,4265793,99.37,4382217
Tamaki,33,0:01:39.37,0:01:42.70,99.37,4382217,102.7,4529070
Tamaki,34,0:01:42.70,0:01:45.69,102.7,4529070,105.69,4660929
Tamaki,35,0:01:45.69,0:01:47.78,105.69,4660929,107.78,4753098
Tamaki,36,0:01:47.78,0:01:49.82,107.78,4753098,109.82,4843062
Tamaki,39,0:01:57.65,0:02:01.02,117.65,5188365,121.02,5336982
Tamaki,40,0:02:01.02,0:02:04.32,121.02,5336982,124.32,5482512
Tamaki,41,0:02:04.32,0:02:07.72,124.32,5482512,127.72,5632452
Tamaki,42,0:02:07.72,0:02:11.82,127.72,5632452,131.82,5813262
Tamaki,44,0:02:14.91,0:02:16.57,134.91,5949531,136.57,6022737
Tamaki,45,0:02:16.57,0:02:19.86,136.57,6022737,139.86,6167826
Tamaki,46,0:02:19.86,0:02:23.68,139.86,6167826,143.68,6336288
Tamaki,47,0:02:23.68,0:02:28.00,143.68,6336288,148.0,6526800
Tamaki,51,0:02:41.20,0:02:44.62,161.2,7108919,164.62,7259742
Tamaki,58,0:03:01.71,0:03:05.46,181.71,8013411,185.46,8178786
Tamaki,59,0:03:05.46,0:03:08.83,185.46,8178786,188.83,8327403
Tamaki,60,0:03:08.83,0:03:11.94,188.83,8327403,191.94,8464554
Tamaki,61,0:03:11.94,0:03:17.31,191.94,8464554,197.31,8701371
Tamaki,63,0:03:21.02,0:03:24.17,201.02,8864982,204.17000000000002,9003897
Tamaki,64,0:03:24.17,0:03:27.77,204.17000000000002,9003897,207.77,9162657
Tamaki,65,0:03:27.77,0:03:31.08,207.77,9162657,211.07999999999998,9308628
Tamaki,66,0:03:31.08,0:03:34.28,211.07999999999998,9308628,214.28,9449748
Tamaki,68,0:03:35.95,0:03:38.40,215.95,9523395,218.4,9631440
Tamaki,69,0:03:38.40,0:03:43.88,218.4,9631440,223.88,9873108
Tamaki,70,0:03:44.68,0:03:48.34,224.68,9908388,228.34,10069794
Tamaki,71,0:03:49.14,0:03:50.97,229.14,10105074,230.97,10185777
Tamaki,72,0:03:50.97,0:03:53.65,230.97,10185777,233.65,10303965
Tamaki,73,0:03:53.65,0:03:56.28,233.65,10303965,236.28,10419948
Tamaki,74,0:03:56.28,0:04:00.03,236.28,10419948,240.03,10585323
Tamaki,75,0:04:00.03,0:04:02.39,240.03,10585323,242.39,10689399
Tamaki,76,0:04:02.39,0:04:04.62,242.39,10689399,244.62,10787742
Tamaki,84,0:04:30.97,0:04:34.40,270.97,11949777,274.4,12101039
Tamaki,86,0:04:37.88,0:04:40.57,277.88,12254508,280.57,12373137
Tamaki,87,0:04:40.57,0:04:43.48,280.57,12373137,283.48,12501468
Tamaki,89,0:04:45.94,0:04:48.00,285.94,12609954,288.0,12700800
Tamaki,91,0:04:51.65,0:04:53.54,291.65,12861764,293.54,12945114
Tamaki,93,0:04:54.65,0:04:58.00,294.65,12994064,298.0,13141800
Tamaki,94,0:04:58.00,0:05:02.02,298.0,13141800,302.02,13319082
Tamaki,95,0:05:02.02,0:05:05.79,302.02,13319082,305.79,13485339
Tamaki,97,0:05:09.48,0:05:13.02,309.48,13648068,313.02,13804182
Tamaki,100,0:05:19.70,0:05:20.06,319.7,14098770,320.06,14114646
Tamaki,101,0:05:20.06,0:05:22.00,320.06,14114646,322.0,14200200
Tamaki,103,0:05:22.97,0:05:24.40,322.97,14242977,324.4,14306039
Tamaki,105,0:05:26.40,0:05:28.97,326.4,14394239,328.97,14507577
Tamaki,106,0:05:28.97,0:05:31.02,328.97,14507577,331.02,14597982
Tamaki,110,0:05:39.25,0:05:40.34,339.25,14960925,340.34000000000003,15008994
Tamaki,112,0:05:42.05,0:05:44.57,342.05,15084405,344.57,15195537
Tamaki,114,0:05:47.08,0:05:49.31,347.08,15306228,349.31,15404571
Tamaki,116,0:05:51.48,0:05:54.00,351.48,15500268,354.0,15611400
Tamaki,118,0:05:57.94,0:05:59.94,357.94,15785154,359.94,15873354
Tamaki,120,0:06:00.17,0:06:04.01,360.17,15883497,364.01,16052841
Tamaki,121,0:06:04.01,0:06:08.12,364.01,16052841,368.12,16234092
Tamaki,122,0:06:08.12,0:06:11.54,368.12,16234092,371.54,16384914
Tamaki,123,0:06:11.54,0:06:13.75,371.54,16384914,373.75,16482375
Tamaki,124,0:06:13.75,0:06:16.07,373.75,16482375,376.07,16584687
Tamaki,125,0:06:16.07,0:06:18.35,376.07,16584687,378.35,16685235
Tamaki,126,0:06:18.35,0:06:21.10,378.35,16685235,381.1,16806510
Tamaki,127,0:06:21.10,0:06:25.15,381.1,16806510,385.15,16985115
Tamaki,129,0:06:25.48,0:06:27.93,385.48,16999668,387.93,17107713
Tamaki,130,0:06:27.93,0:06:30.57,387.93,17107713,390.57,17224137
Tamaki,131,0:06:30.57,0:06:33.68,390.57,17224137,393.68,17361288
Tamaki,132,0:06:33.68,0:06:36.68,393.68,17361288,396.68,17493588
Tamaki,136,0:06:45.71,0:06:51.14,405.71,17891811,411.14,18131274
Tamaki,137,0:06:51.14,0:06:53.82,411.14,18131274,413.82,18249462
Tamaki,138,0:06:53.82,0:06:56.22,413.82,18249462,416.22,18355302
Tamaki,139,0:06:56.22,0:06:58.91,416.22,18355302,418.90999999999997,18473931
Tamaki,142,0:07:05.02,0:07:09.43,425.02,18743382,429.43,18937863
Tamaki,143,0:07:09.43,0:07:12.90,429.43,18937863,432.9,19090890
Tamaki,144,0:07:12.90,0:07:16.28,432.9,19090890,436.28,19239948
Tamaki,145,0:07:16.28,0:07:18.46,436.28,19239948,438.46,19336086
Tamaki,146,0:07:18.46,0:07:21.71,438.46,19336086,441.71,19479411
Tamaki,147,0:07:21.71,0:07:24.21,441.71,19479411,444.21,19589661
Tamaki,148,0:07:24.21,0:07:26.85,444.21,19589661,446.85,19706085
Tamaki,151,0:07:31.31,0:07:33.43,451.31,19902771,453.43,19996263
Tamaki,152,0:07:33.43,0:07:37.20,453.43,19996263,457.2,20162520
Tamaki,154,0:07:41.37,0:07:46.49,461.37,20346417,466.49,20572209
Tamaki,155,0:07:46.49,0:07:50.74,466.49,20572209,470.74,20759634
Tamaki,157,0:07:51.60,0:07:54.01,471.6,20797560,474.01,20903841
Tamaki,158,0:07:54.01,0:07:57.12,474.01,20903841,477.12,21040992
Tamaki,159,0:07:57.12,0:07:58.45,477.12,21040992,478.45,21099645
Tamaki,161,0:08:00.57,0:08:03.01,480.57,21193137,483.01,21300741
Tamaki,162,0:08:03.01,0:08:05.71,483.01,21300741,485.71,21419811
Tamaki,163,0:08:05.71,0:08:06.80,485.71,21419811,486.8,21467880
Tamaki,165,0:08:10.17,0:08:14.62,490.17,21616497,494.62,21812742
Tamaki,166,0:08:14.62,0:08:18.53,494.62,21812742,498.53,21985173
Tamaki,167,0:08:18.53,0:08:21.93,498.53,21985173,501.93,22135113
Tamaki,168,0:08:21.93,0:08:24.71,501.93,22135113,504.71,22257711
Tamaki,169,0:08:24.71,0:08:28.86,504.71,22257711,508.86,22440726
Tamaki,170,0:08:28.86,0:08:32.56,508.86,22440726,512.56,22603895
Tamaki,171,0:08:32.56,0:08:35.54,512.56,22603895,515.54,22735314
Tamaki,173,0:08:36.91,0:08:39.93,516.91,22795731,519.93,22928912
Tamaki,174,0:08:39.93,0:08:42.09,519.93,22928912,522.09,23024169
Tamaki,175,0:08:42.09,0:08:44.27,522.09,23024169,524.27,23120307
Tamaki,176,0:08:44.27,0:08:47.42,524.27,23120307,527.42,23259222
Tamaki,178,0:08:48.74,0:08:52.72,528.74,23317434,532.72,23492952
Tamaki,179,0:08:52.72,0:08:57.20,532.72,23492952,537.2,23690520
Tamaki,181,0:08:59.20,0:09:01.87,539.2,23778720,541.87,23896467
Tamaki,182,0:09:01.87,0:09:03.54,541.87,23896467,543.54,23970114
Tamaki,185,0:09:08.05,0:09:12.22,548.05,24169004,552.22,24352902
Tamaki,186,0:09:12.22,0:09:16.20,552.22,24352902,556.2,24528420
Tamaki,187,0:09:16.20,0:09:18.11,556.2,24528420,558.11,24612651
Tamaki,190,0:09:23.88,0:09:25.08,563.88,24867108,565.08,24920028
Tamaki,193,0:09:30.80,0:09:33.48,570.8,25172279,573.48,25290468
Tamaki,195,0:09:36.55,0:09:41.20,576.55,25425854,581.2,25630920
Tamaki,196,0:09:41.20,0:09:45.89,581.2,25630920,585.89,25837749
Tamaki,197,0:09:45.89,0:09:50.35,585.89,25837749,590.35,26034435
Tamaki,199,0:09:54.62,0:09:57.37,594.62,26222742,597.37,26344017
Tamaki,206,0:10:19.82,0:10:21.94,619.82,27334062,621.94,27427554
Tamaki,208,0:10:26.57,0:10:28.14,626.57,27631737,628.14,27700974
Tamaki,209,0:10:28.14,0:10:31.07,628.14,27700974,631.07,27830187
Tamaki,210,0:10:31.07,0:10:33.37,631.07,27830187,633.37,27931617
Tamaki,211,0:10:33.37,0:10:35.41,633.37,27931617,635.41,28021581
Tamaki,212,0:10:35.41,0:10:37.08,635.41,28021581,637.08,28095228
Tamaki,214,0:10:40.35,0:10:42.16,640.35,28239435,642.16,28319256
Tamaki,215,0:10:42.16,0:10:44.28,642.16,28319256,644.28,28412748
Tamaki,218,0:10:47.20,0:10:49.71,647.2,28541520,649.71,28652211
Tamaki,222,0:10:56.11,0:10:58.03,656.11,28934451,658.03,29019123
Tamaki,223,0:10:58.03,0:10:59.88,658.03,29019123,659.88,29100708
Tamaki,224,0:10:59.88,0:11:01.14,659.88,29100708,661.14,29156274
Tamaki,227,0:11:05.08,0:11:06.84,665.08,29330028,666.84,29407644
Tamaki,228,0:11:06.84,0:11:08.74,666.84,29407644,668.74,29491434
Tamaki,229,0:11:08.74,0:11:09.88,668.74,29491434,669.88,29541708
Tamaki,232,0:11:13.08,0:11:14.05,673.08,29682828,674.05,29725604
Tamaki,234,0:11:15.20,0:11:17.55,675.2,29776320,677.55,29879954
Tamaki,235,0:11:17.55,0:11:19.68,677.55,29879954,679.68,29973887
Tamaki,237,0:11:22.85,0:11:24.15,682.85,30113685,684.15,30171015
Tamaki,244,0:11:45.85,0:11:49.30,705.85,31127985,709.3,31280129
Tamaki,246,0:11:55.15,0:11:58.55,715.15,31538115,718.55,31688054
Tamaki,248,0:12:06.05,0:12:07.25,726.05,32018804,727.25,32071725
Tamaki,250,0:12:09.15,0:12:13.08,729.15,32155515,733.08,32328828
Tamaki,251,0:12:13.08,0:12:16.55,733.08,32328828,736.55,32481854
Tamaki,252,0:12:16.55,0:12:21.27,736.55,32481854,741.27,32690007
Tamaki,253,0:12:21.27,0:12:24.65,741.27,32690007,744.65,32839065
Tamaki,254,0:12:24.65,0:12:29.60,744.65,32839065,749.6,33057360
Tamaki,258,0:12:42.05,0:12:43.80,762.05,33606405,763.8,33683580
Tamaki,260,0:12:46.50,0:12:47.80,766.5,33802650,767.8,33859980
Tamaki,263,0:12:53.80,0:12:56.05,773.8,34124580,776.05,34223805
Tamaki,265,0:12:57.80,0:12:59.07,777.8,34300980,779.07,34356987
Tamaki,266,0:12:59.07,0:13:02.39,779.07,34356987,782.39,34503399
Tamaki,267,0:13:02.39,0:13:05.50,782.39,34503399,785.5,34640550
Tamaki,269,0:13:07.45,0:13:08.60,787.45,34726545,788.6,34777260
Tamaki,271,0:13:09.95,0:13:12.80,789.95,34836795,792.8,34962480
Tamaki,274,0:13:23.50,0:13:26.20,803.5,35434350,806.2,35553420
Tamaki,276,0:13:31.95,0:13:35.80,811.95,35806995,815.8,35976780
Tamaki,277,0:13:36.85,0:13:39.35,816.85,36023085,819.35,36133335
Tamaki,278,0:13:39.35,0:13:40.96,819.35,36133335,820.96,36204336
Tamaki,279,0:13:40.96,0:13:43.30,820.96,36204336,823.3,36307530
Tamaki,282,0:13:52.30,0:13:56.60,832.3,36704430,836.6,36894060
Tamaki,284,0:13:58.75,0:14:00.27,838.75,36988875,840.27,37055907
Tamaki,285,0:14:00.27,0:14:04.60,840.27,37055907,844.6,37246860
Tamaki,288,0:14:13.15,0:14:15.15,853.15,37623915,855.15,37712115
Tamaki,290,0:14:18.30,0:14:19.85,858.3,37851030,859.85,37919385
Tamaki,292,0:14:23.55,0:14:27.42,863.55,38082555,867.42,38253222
Tamaki,293,0:14:27.42,0:14:29.60,867.42,38253222,869.6,38349360
Tamaki,295,0:14:32.10,0:14:33.73,872.1,38459610,873.73,38531493
Tamaki,296,0:14:33.73,0:14:36.85,873.73,38531493,876.85,38669085
Tamaki,303,0:14:55.30,0:14:56.95,895.3,39482730,896.95,39555495
Tamaki,305,0:14:58.90,0:15:05.25,898.9,39641490,905.25,39921525
Tamaki,307,0:15:11.10,0:15:13.97,911.1,40179510,913.97,40306077
Tamaki,308,0:15:13.97,0:15:17.11,913.97,40306077,917.11,40444551
Tamaki,309,0:15:17.11,0:15:19.20,917.11,40444551,919.2,40536720
Tamaki,312,0:15:26.75,0:15:30.36,926.75,40869675,930.36,41028876
Tamaki,313,0:15:30.36,0:15:33.20,930.36,41028876,933.2,41154120
Tamaki,317,0:15:49.50,0:15:51.25,949.5,41872950,951.25,41950125
Tamaki,318,0:15:51.25,0:15:53.35,951.25,41950125,953.35,42042735
Tamaki,320,0:15:56.40,0:15:59.97,956.4,42177240,959.97,42334677
Tamaki,321,0:15:59.97,0:16:02.50,959.97,42334677,962.5,42446250
Tamaki,323,0:16:08.35,0:16:11.55,968.35,42704235,971.55,42845355
Tamaki,325,0:16:13.20,0:16:18.75,973.2,42918120,978.75,43162875
Tamaki,327,0:16:22.30,0:16:25.30,982.3,43319430,985.3,43451730
Tamaki,328,0:16:25.30,0:16:29.30,985.3,43451730,989.3,43628130
Tamaki,332,0:16:39.60,0:16:42.25,999.6,44082360,1002.25,44199225
Tamaki,333,0:16:42.25,0:16:44.81,1002.25,44199225,1004.81,44312121
Tamaki,334,0:16:44.81,0:16:48.50,1004.81,44312121,1008.5,44474850
Tamaki,336,0:16:51.90,0:16:52.25,1011.9,44624790,1012.25,44640225
Tamaki,337,0:16:52.25,0:16:54.45,1012.25,44640225,1014.45,44737245
Tamaki,344,0:17:08.15,0:17:12.45,1028.15,45341415,1032.45,45531045
Tamaki,347,0:17:20.30,0:17:22.75,1040.3,45877230,1042.75,45985275
Tamaki,348,0:17:22.75,0:17:25.65,1042.75,45985275,1045.65,46113165
Tamaki,350,0:17:31.50,0:17:36.15,1051.5,46371150,1056.15,46576215
Tamaki,351,0:17:36.15,0:17:38.71,1056.15,46576215,1058.71,46689111
Tamaki,352,0:17:38.71,0:17:42.06,1058.71,46689111,1062.06,46836846
Tamaki,353,0:17:42.06,0:17:44.20,1062.06,46836846,1064.2,46931220
Tamaki,355,0:17:44.75,0:17:47.91,1064.75,46955475,1067.91,47094831
Tamaki,356,0:17:47.91,0:17:49.65,1067.91,47094831,1069.65,47171565
Tamaki,357,0:17:49.65,0:17:52.70,1069.65,47171565,1072.7,47306070
Tamaki,359,0:17:56.80,0:17:59.20,1076.8,47486880,1079.2,47592720
Tamaki,362,0:18:04.85,0:18:07.40,1084.85,47841884,1087.4,47954340
Tamaki,364,0:18:11.40,0:18:14.66,1091.4,48130740,1094.66,48274506
Tamaki,365,0:18:14.66,0:18:18.05,1094.66,48274506,1098.05,48424005
Tamaki,366,0:18:18.70,0:18:22.85,1098.7,48452670,1102.85,48635684
Tamaki,367,0:18:22.85,0:18:24.63,1102.85,48635684,1104.63,48714183
Tamaki,368,0:18:24.63,0:18:26.10,1104.63,48714183,1106.1,48779009
Tamaki,371,0:18:34.85,0:18:38.74,1114.85,49164884,1118.74,49336434
Tamaki,372,0:18:38.74,0:18:41.75,1118.74,49336434,1121.75,49469175
Tamaki,376,0:18:51.15,0:18:53.00,1131.15,49883715,1133.0,49965300
Tamaki,379,0:18:56.45,0:18:59.17,1136.45,50117445,1139.17,50237397
Tamaki,380,0:18:59.17,0:19:01.45,1139.17,50237397,1141.45,50337945
Tamaki,382,0:19:03.45,0:19:06.21,1143.45,50426145,1146.21,50547861
Tamaki,383,0:19:06.21,0:19:07.45,1146.21,50547861,1147.45,50602545
Tamaki,384,0:19:07.45,0:19:08.80,1147.45,50602545,1148.8,50662080
Tamaki,387,0:19:15.65,0:19:17.70,1155.65,50964165,1157.7,51054570
Tamaki,388,0:19:17.70,0:19:19.90,1157.7,51054570,1159.9,51151590
Tamaki,390,0:19:23.60,0:19:28.15,1163.6,51314759,1168.15,51515415
Tamaki,391,0:19:28.15,0:19:32.86,1168.15,51515415,1172.86,51723125
Tamaki,392,0:19:32.86,0:19:37.38,1172.86,51723125,1177.38,51922458
Tamaki,393,0:19:37.38,0:19:38.80,1177.38,51922458,1178.8,51985080
Tamaki,394,0:19:43.05,0:19:44.81,1183.05,52172505,1184.81,52250121
Tamaki,395,0:19:44.81,0:19:47.43,1184.81,52250121,1187.43,52365663
Tamaki,396,0:19:47.43,0:19:49.90,1187.43,52365663,1189.9,52474590
Tamaki,398,0:19:52.70,0:19:55.00,1192.7,52598070,1195.0,52699500
Tamaki,400,0:19:57.80,0:20:00.25,1197.8,52822980,1200.25,52931025
Tamaki,402,0:20:07.45,0:20:10.25,1207.45,53248545,1210.25,53372025
Tamaki,404,0:20:14.35,0:20:15.35,1214.35,53552834,1215.35,53596934
Tamaki,405,0:20:15.35,0:20:18.60,1215.35,53596934,1218.6,53740259
Tamaki,406,0:20:18.60,0:20:21.40,1218.6,53740259,1221.4,53863740
Tamaki,408,0:20:24.10,0:20:27.19,1224.1,53982809,1227.19,54119079
Tamaki,409,0:20:27.19,0:20:29.20,1227.19,54119079,1229.2,54207720
Tamaki,410,0:20:29.20,0:20:36.20,1229.2,54207720,1236.2,54516420
Tamaki,413,0:20:42.40,0:20:45.05,1242.4,54789840,1245.05,54906705
Tamaki,414,0:20:45.05,0:20:47.70,1245.05,54906705,1247.7,55023570
Tamaki,416,0:20:49.90,0:20:52.90,1249.9,55120590,1252.9,55252890
Tamaki,420,0:21:03.20,0:21:05.30,1263.2,55707120,1265.3,55799730
Tamaki,422,0:21:08.05,0:21:11.00,1268.05,55921005,1271.0,56051100
Tamaki,425,0:21:15.25,0:21:16.85,1275.25,56238525,1276.85,56309084
Tamaki,428,0:21:23.40,0:21:24.35,1283.4,56597940,1284.35,56639834
Tamaki,432,0:21:30.60,0:21:32.20,1290.6,56915459,1292.2,56986020
Tamaki,434,0:21:36.90,0:21:38.00,1296.9,57193290,1298.0,57241800
Tamaki,436,0:21:43.00,0:21:43.80,1303.0,57462300,1303.8,57497580
Tamaki,438,0:21:47.20,0:21:48.55,1307.2,57647520,1308.55,57707055
Tamaki,441,0:21:56.75,0:22:01.35,1316.75,58068675,1321.35,58271534
Tamaki,444,0:22:13.15,0:22:16.90,1333.15,58791915,1336.9,58957290
Tamaki,445,0:22:18.80,0:22:21.35,1338.8,59041080,1341.35,59153534
Tamaki,448,0:22:31.70,0:22:33.70,1351.7,59609970,1353.7,59698170
Tamaki,449,0:22:33.70,0:22:40.45,1353.7,59698170,1360.45,59995845
Tamaki,451,0:22:42.55,0:22:45.83,1362.55,60088455,1365.83,60233103
Tamaki,452,0:22:45.83,0:22:48.70,1365.83,60233103,1368.7,60359670
Tamaki,453,0:22:48.70,0:22:52.10,1368.7,60359670,1372.1,60509609
Tamaki,456,0:22:56.95,0:23:00.37,1376.95,60723495,1380.37,60874316
Tamaki,457,0:23:00.37,0:23:02.60,1380.37,60874316,1382.6,60972659
Tamaki,461,0:23:08.95,0:23:12.75,1388.95,61252695,1392.75,61420275
Tamaki,462,0:23:12.75,0:23:17.90,1392.75,61420275,1397.9,61647390
Tamaki,464,0:23:21.50,0:23:24.75,1401.5,61806150,1404.75,61949475
Tamaki,466,0:23:25.25,0:23:28.55,1405.25,61971525,1408.55,62117055
Tamaki,468,0:23:29.30,0:23:32.53,1409.3,62150130,1412.53,62292573
Tamaki,469,0:23:32.53,0:23:35.15,1412.53,62292573,1415.15,62408115
Tamaki,472,0:23:37.55,0:23:39.75,1417.55,62513955,1419.75,62610975
Tamaki,474,0:23:45.10,0:23:48.95,1425.1,62846909,1428.95,63016695
Tamaki,476,0:23:50.90,0:23:54.25,1430.9,63102690,1434.25,63250425
Tamaki,478,0:23:56.50,0:24:00.36,1436.5,63349650,1440.36,63519875
Tamaki,479,0:24:00.36,0:24:01.66,1440.36,63519875,1441.66,63577206
Tamaki,480,0:24:01.66,0:24:04.63,1441.66,63577206,1444.63,63708183
Tamaki,481,0:24:04.63,0:24:05.65,1444.63,63708183,1445.65,63753165
Tamaki,482,0:24:05.65,0:24:11.65,1445.65,63753165,1451.65,64017765
Tamaki,483,0:24:11.65,0:24:14.90,1451.65,64017765,1454.9,64161090
Tamaki,485,0:24:16.45,0:24:17.70,1456.45,64229445,1457.7,64284570
Tamaki,486,0:24:17.70,0:24:21.92,1457.7,64284570,1461.92,64470672
Tamaki,487,0:24:21.92,0:24:23.65,1461.92,64470672,1463.65,64546965
Tamaki,489,0:24:25.40,0:24:27.39,1465.4,64624140,1467.39,64711899
Tamaki,490,0:24:27.39,0:24:29.10,1467.39,64711899,1469.1,64787309
Tamaki,502,0:24:56.95,0:24:58.75,1496.95,66015495,1498.75,66094875
Tamaki,505,0:25:03.45,0:25:06.60,1503.45,66302145,1506.6,66441059
Tamaki,507,0:25:11.85,0:25:16.70,1511.85,66672584,1516.7,66886470
Tamaki,509,0:25:18.45,0:25:19.85,1518.45,66963645,1519.85,67025384
Tamaki,511,0:25:23.30,0:25:26.20,1523.3,67177530,1526.2,67305420
Tamaki,521,0:25:59.05,0:26:00.85,1559.05,68754105,1560.85,68833485
Tamaki,525,0:26:16.00,0:26:18.90,1576.0,69501600,1578.9,69629490
Tamaki,527,0:26:22.50,0:26:24.20,1582.5,69788250,1584.2,69863220
Tamaki,529,0:26:27.50,0:26:28.60,1587.5,70008750,1588.6,70057260
Tamaki,531,0:26:30.20,0:26:36.30,1590.2,70127820,1596.3,70396830
Tamaki,533,0:26:38.25,0:26:43.90,1598.25,70482825,1603.9,70731990
Tamaki,536,0:26:49.50,0:26:52.00,1609.5,70978950,1612.0,71089200
Tamaki,538,0:26:58.35,0:27:00.90,1618.35,71369235,1620.9,71481690
Tamaki,542,0:27:08.90,0:27:10.55,1628.9,71834490,1630.55,71907255
Tamaki,545,0:27:19.00,0:27:21.65,1639.0,72279900,1641.65,72396765
Tamaki,547,0:27:24.60,0:27:26.50,1644.6,72526860,1646.5,72610650
Tamaki,549,0:27:27.45,0:27:30.67,1647.45,72652545,1650.67,72794547
Tamaki,550,0:27:30.67,0:27:34.10,1650.67,72794547,1654.1,72945810
Tamaki,552,0:27:36.10,0:27:39.55,1656.1,73034010,1659.55,73186155
Tamaki,563,0:28:15.85,0:28:17.10,1695.85,74786985,1697.1,74842110
Tamaki,565,0:28:19.55,0:28:20.95,1699.55,74950155,1700.95,75011895
Tamaki,567,0:28:23.55,0:28:25.30,1703.55,75126555,1705.3,75203730
Tamaki,569,0:28:26.60,0:28:30.60,1706.6,75261060,1710.6,75437460
Tamaki,571,0:28:36.60,0:28:37.90,1716.6,75702060,1717.9,75759390
Tamaki,574,0:28:43.45,0:28:44.85,1723.45,76004145,1724.85,76065885
Tamaki,577,0:28:53.05,0:28:56.35,1733.05,76427505,1736.35,76573035
Tamaki,580,0:29:04.00,0:29:09.30,1744.0,76910400,1749.3,77144130
Tamaki,582,0:29:11.65,0:29:15.15,1751.65,77247765,1755.15,77402115
Tamaki,586,0:29:22.70,0:29:24.55,1762.7,77735070,1764.55,77816655
Tamaki,588,0:29:27.95,0:29:33.20,1767.95,77966595,1773.2,78198120
Tamaki,589,0:29:33.20,0:29:36.57,1773.2,78198120,1776.57,78346737
Tamaki,590,0:29:36.57,0:29:40.45,1776.57,78346737,1780.45,78517845
Tamaki,591,0:29:43.30,0:29:45.70,1783.3,78643530,1785.7,78749370
Tamaki,597,0:30:07.20,0:30:08.95,1807.2,79697520,1808.95,79774695
Tamaki,599,0:30:11.60,0:30:14.65,1811.6,79891560,1814.65,80026065
Tamaki,605,0:30:31.70,0:30:33.05,1831.7,80777970,1833.05,80837505
Tamaki,607,0:30:38.35,0:30:40.08,1838.35,81071235,1840.08,81147528
Tamaki,608,0:30:40.08,0:30:41.55,1840.08,81147528,1841.55,81212355
Tamaki,610,0:30:46.70,0:30:49.40,1846.7,81439470,1849.4,81558540
Tamaki,612,0:30:53.95,0:30:55.15,1853.95,81759195,1855.15,81812115
Tamaki,615,0:31:02.90,0:31:07.35,1862.9,82153890,1867.35,82350135
Tamaki,617,0:31:10.20,0:31:13.05,1870.2,82475820,1873.05,82601505
Tamaki,619,0:31:20.70,0:31:22.10,1880.7,82938870,1882.1,83000610
Tamaki,621,0:31:25.55,0:31:26.60,1885.55,83152755,1886.6,83199060
Tamaki,623,0:31:30.75,0:31:34.25,1890.75,83382075,1894.25,83536425
Tamaki,626,0:31:41.80,0:31:44.00,1901.8,83869380,1904.0,83966400
Tamaki,628,0:31:47.15,0:31:50.62,1907.15,84105315,1910.62,84258342
Tamaki,629,0:31:50.62,0:31:53.75,1910.62,84258342,1913.75,84396375
Tamaki,632,0:31:58.15,0:32:02.75,1918.15,84590415,1922.75,84793275
Tamaki,634,0:32:04.75,0:32:06.75,1924.75,84881475,1926.75,84969675
Tamaki,636,0:32:07.85,0:32:12.53,1927.85,85018185,1932.53,85224573
Tamaki,637,0:32:12.53,0:32:15.31,1932.53,85224573,1935.31,85347171
Tamaki,638,0:32:15.31,0:32:18.10,1935.31,85347171,1938.1,85470210
Tamaki,639,0:32:18.10,0:32:19.80,1938.1,85470210,1939.8,85545180
Tamaki,640,0:32:19.80,0:32:21.32,1939.8,85545180,1941.32,85612212
Tamaki,641,0:32:21.32,0:32:24.18,1941.32,85612212,1944.18,85738338
Tamaki,642,0:32:24.18,0:32:26.92,1944.18,85738338,1946.92,85859172
Tamaki,643,0:32:26.92,0:32:31.40,1946.92,85859172,1951.4,86056740
Tamaki,644,0:32:31.40,0:32:33.80,1951.4,86056740,1953.8,86162580
Tamaki,646,0:32:37.20,0:32:39.80,1957.2,86312520,1959.8,86427180
Tamaki,648,0:32:48.50,0:32:51.65,1968.5,86810850,1971.65,86949765
Tamaki,650,0:32:54.10,0:32:56.80,1974.1,87057810,1976.8,87176880
Tamaki,652,0:33:00.20,0:33:04.23,1980.2,87326820,1984.23,87504543
Tamaki,653,0:33:04.23,0:33:08.10,1984.23,87504543,1988.1,87675210
Tamaki,656,0:33:12.65,0:33:15.73,1992.65,87875865,1995.73,88011693
Tamaki,657,0:33:15.73,0:33:17.95,1995.73,88011693,1997.95,88109595
Tamaki,659,0:33:19.85,0:33:22.35,1999.85,88193385,2002.35,88303635
Tamaki,660,0:33:22.35,0:33:25.90,2002.35,88303635,2005.9,88460190
Tamaki,661,0:33:25.90,0:33:29.16,2005.9,88460190,2009.16,88603956
Tamaki,662,0:33:29.16,0:33:31.65,2009.16,88603956,2011.65,88713765
Tamaki,663,0:33:31.65,0:33:35.25,2011.65,88713765,2015.25,88872525
Tamaki,665,0:33:38.25,0:33:39.65,2018.25,89004825,2019.65,89066565
Tamaki,666,0:33:39.65,0:33:42.15,2019.65,89066565,2022.15,89176815
Tamaki,668,0:33:44.85,0:33:49.50,2024.85,89295885,2029.5,89500950
Tamaki,670,0:34:00.45,0:34:02.35,2040.45,89983845,2042.35,90067635
Tamaki,674,0:34:17.00,0:34:20.00,2057.0,90713700,2060.0,90846000
Tamaki,676,0:34:23.20,0:34:28.00,2063.2,90987119,2068.0,91198800
Tamaki,678,0:34:32.75,0:34:37.10,2072.75,91408275,2077.1,91600110
Tamaki,681,0:34:44.95,0:34:47.70,2084.95,91946294,2087.7,92067569
Tamaki,682,0:34:48.00,0:34:51.40,2088.0,92080800,2091.4,92230740
Tamaki,683,0:34:51.40,0:34:56.67,2091.4,92230740,2096.67,92463147
Tamaki,684,0:34:56.67,0:35:01.63,2096.67,92463147,2101.63,92681883
Tamaki,685,0:35:01.63,0:35:05.61,2101.63,92681883,2105.61,92857401
Tamaki,686,0:35:05.61,0:35:08.45,2105.61,92857401,2108.45,92982644
Tamaki,689,0:35:17.55,0:35:19.25,2117.55,93383955,2119.25,93458925
Tamaki,693,0:35:29.90,0:35:31.30,2129.9,93928590,2131.3,93990330
Tamaki,695,0:35:34.20,0:35:39.90,2134.2,94118219,2139.9,94369590
Tamaki,696,0:35:39.90,0:35:44.50,2139.9,94369590,2144.5,94572450
Tamaki,700,0:36:00.50,0:36:03.05,2160.5,95278050,2163.05,95390505
Tamaki,702,0:36:04.10,0:36:08.58,2164.1,95436810,2168.58,95634378
Tamaki,703,0:36:08.58,0:36:13.15,2168.58,95634378,2173.15,95835915
Tamaki,705,0:36:17.15,0:36:21.60,2177.15,96012315,2181.6,96208560
Tamaki,709,0:36:33.75,0:36:36.95,2193.75,96744375,2196.95,96885494
Tamaki,712,0:36:48.05,0:36:49.80,2208.05,97375005,2209.8,97452180
Tamaki,715,0:36:56.05,0:36:58.85,2216.05,97727805,2218.85,97851285
Tamaki,717,0:37:00.75,0:37:03.35,2220.75,97935075,2223.35,98049735
Tamaki,720,0:37:08.70,0:37:13.45,2228.7,98285669,2233.45,98495144
Tamaki,724,0:37:22.25,0:37:24.25,2242.25,98883225,2244.25,98971425
Tamaki,730,0:37:46.45,0:37:48.05,2266.45,99950444,2268.05,100021005
Tamaki,732,0:37:51.40,0:37:52.40,2271.4,100168740,2272.4,100212840
Tamaki,734,0:37:53.00,0:37:54.60,2273.0,100239300,2274.6,100309860
Tamaki,736,0:37:57.15,0:38:04.12,2277.15,100422315,2284.12,100729692
Tamaki,737,0:38:04.12,0:38:06.68,2284.12,100729692,2286.68,100842588
Tamaki,738,0:38:06.68,0:38:09.35,2286.68,100842588,2289.35,100960335
Tamaki,739,0:38:09.35,0:38:12.55,2289.35,100960335,2292.55,101101455
Tamaki,740,0:38:12.55,0:38:17.28,2292.55,101101455,2297.28,101310048
Tamaki,741,0:38:17.28,0:38:22.43,2297.28,101310048,2302.43,101537163
Tamaki,742,0:38:22.43,0:38:25.13,2302.43,101537163,2305.13,101656233
Tamaki,743,0:38:25.13,0:38:28.00,2305.13,101656233,2308.0,101782800
Tamaki,744,0:38:28.00,0:38:28.90,2308.0,101782800,2308.9,101822490
Tamaki,745,0:38:28.90,0:38:31.27,2308.9,101822490,2311.27,101927007
Tamaki,746,0:38:31.27,0:38:33.30,2311.27,101927007,2313.3,102016530
Tamaki,748,0:38:36.25,0:38:38.95,2316.25,102146625,2318.95,102265694
Tamaki,750,0:38:41.50,0:38:43.85,2321.5,102378150,2323.85,102481785
Tamaki,759,0:39:23.55,0:39:25.30,2363.55,104232555,2365.3,104309730
Tamaki,764,0:39:45.10,0:39:46.90,2385.1,105182910,2386.9,105262290
Tamaki,766,0:39:49.90,0:39:52.15,2389.9,105394590,2392.15,105493815
Tamaki,768,0:39:53.95,0:39:57.85,2393.95,105573194,2397.85,105745185
Tamaki,771,0:40:04.15,0:40:07.55,2404.15,106023015,2407.55,106172955
Tamaki,772,0:40:07.55,0:40:09.70,2407.55,106172955,2409.7,106267769
Tamaki,777,0:40:28.05,0:40:30.35,2428.05,107077005,2430.35,107178435
Tamaki,779,0:40:32.50,0:40:34.05,2432.5,107273250,2434.05,107341605
Tamaki,781,0:40:35.15,0:40:38.00,2435.15,107390115,2438.0,107515800
Tamaki,784,0:40:46.35,0:40:49.55,2446.35,107884035,2449.55,108025155
Tamaki,786,0:40:52.25,0:40:58.40,2452.25,108144225,2458.4,108415440
Tamaki,788,0:41:04.65,0:41:07.05,2464.65,108691065,2467.05,108796905
Tamaki,790,0:41:09.95,0:41:12.35,2469.95,108924794,2472.35,109030635
Tamaki,792,0:41:15.10,0:41:20.50,2475.1,109151910,2480.5,109390050
Tamaki,793,0:41:20.50,0:41:24.12,2480.5,109390050,2484.12,109549692
Tamaki,794,0:41:24.12,0:41:29.75,2484.12,109549692,2489.75,109797975
Tamaki,795,0:41:29.75,0:41:32.25,2489.75,109797975,2492.25,109908225
Tamaki,799,0:41:45.65,0:41:48.85,2505.65,110499165,2508.85,110640285
Tamaki,802,0:41:55.50,0:41:58.47,2515.5,110933550,2518.47,111064526
Tamaki,803,0:41:58.47,0:42:02.35,2518.47,111064526,2522.35,111235635
Tamaki,805,0:42:03.50,0:42:05.40,2523.5,111286350,2525.4,111370140
Tamaki,808,0:42:12.35,0:42:14.40,2532.35,111676635,2534.4,111767040
Tamaki,811,0:42:27.35,0:42:29.40,2547.35,112338135,2549.4,112428540
Tamaki,812,0:42:29.40,0:42:32.37,2549.4,112428540,2552.37,112559517
Tamaki,813,0:42:32.37,0:42:33.75,2552.37,112559517,2553.75,112620375
Tamaki,817,0:42:44.15,0:42:48.00,2564.15,113079015,2568.0,113248800
Tamaki,818,0:42:48.00,0:42:50.45,2568.0,113248800,2570.45,113356844
Tamaki,820,0:42:53.15,0:42:55.40,2573.15,113475915,2575.4,113575140
Tamaki,822,0:42:57.15,0:43:01.55,2577.15,113652315,2581.55,113846355
Tamaki,826,0:43:12.00,0:43:14.40,2592.0,114307200,2594.4,114413040
Tamaki,829,0:43:19.65,0:43:23.82,2599.65,114644565,2603.82,114828462
Tamaki,830,0:43:23.82,0:43:27.55,2603.82,114828462,2607.55,114992955
Tamaki,832,0:43:34.35,0:43:36.80,2614.35,115292835,2616.8,115400880
Tamaki,834,0:43:40.70,0:43:48.00,2620.7,115572869,2628.0,115894800
Tamaki,837,0:43:52.65,0:43:55.05,2632.65,116099865,2635.05,116205705
Tamaki,838,0:43:59.45,0:44:06.40,2639.45,116399744,2646.4,116706240
Tamaki,839,0:44:06.40,0:44:10.84,2646.4,116706240,2650.84,116902044
Tamaki,840,0:44:10.84,0:44:15.75,2650.84,116902044,2655.75,117118575
Tamaki,841,0:44:15.75,0:44:18.95,2655.75,117118575,2658.95,117259694
Tamaki,843,0:44:21.65,0:44:26.40,2661.65,117378765,2666.4,117588240
Tamaki,846,0:44:35.05,0:44:41.90,2675.05,117969705,2681.9,118271790
Tamaki,848,0:44:46.40,0:44:47.69,2686.4,118470240,2687.69,118527129
Tamaki,849,0:44:47.69,0:44:52.35,2687.69,118527129,2692.35,118732635
Tamaki,851,0:44:54.25,0:44:58.75,2694.25,118816425,2698.75,119014875
Tamaki,854,0:45:13.40,0:45:16.95,2713.4,119660940,2716.95,119817494
Tamaki,856,0:45:24.85,0:45:28.55,2724.85,120165885,2728.55,120329055
Tamaki,858,0:45:31.90,0:45:33.65,2731.9,120476790,2733.65,120553965
Tamaki,860,0:45:38.50,0:45:40.85,2738.5,120767850,2740.85,120871485
Tamaki,862,0:45:46.20,0:45:48.00,2746.2,121107419,2748.0,121186800
Tamaki,865,0:45:53.15,0:45:55.80,2753.15,121413915,2755.8,121530780
Tamaki,871,0:46:08.75,0:46:11.25,2768.75,122101875,2771.25,122212125
Tamaki,874,0:46:23.40,0:46:24.40,2783.4,122747940,2784.4,122792040
Tamaki,876,0:46:26.95,0:46:28.80,2786.95,122904494,2788.8,122986080
Tamaki,878,0:46:33.90,0:46:36.35,2793.9,123210990,2796.35,123319035
Tamaki,880,0:46:40.70,0:46:42.90,2800.7,123510869,2802.9,123607890
Tamaki,886,0:47:01.60,0:47:05.00,2821.6,124432560,2825.0,124582500
Tamaki,888,0:47:08.40,0:47:12.10,2828.4,124732440,2832.1,124895610
Tamaki,893,0:47:32.85,0:47:34.60,2852.85,125810685,2854.6,125887860
Tamaki,896,0:47:40.75,0:47:43.50,2860.75,126159075,2863.5,126280350
Tamaki,897,0:47:43.50,0:47:44.50,2863.5,126280350,2864.5,126324450
Tamaki,899,0:47:45.65,0:47:47.75,2865.65,126375165,2867.75,126467775
Tamaki,901,0:47:50.00,0:47:52.25,2870.0,126567000,2872.25,126666225
Tamaki,903,0:47:53.55,0:47:55.35,2873.55,126723555,2875.35,126802935
Tamaki,904,0:47:57.55,0:48:02.30,2877.55,126899955,2882.3,127109430
Tamaki,906,0:48:04.80,0:48:12.65,2884.8,127219680,2892.65,127565865
Tamaki,907,0:48:12.65,0:48:15.53,2892.65,127565865,2895.53,127692873
Tamaki,908,0:48:15.53,0:48:20.45,2895.53,127692873,2900.45,127909844
Tamaki,909,0:48:20.45,0:48:22.97,2900.45,127909844,2902.97,128020976
Tamaki,910,0:48:22.97,0:48:27.10,2902.97,128020976,2907.1,128203110
Tamaki,911,0:48:27.10,0:48:29.10,2907.1,128203110,2909.1,128291310
Tamaki,914,0:48:41.20,0:48:42.60,2921.2,128824919,2922.6,128886660
Tamaki,916,0:48:46.95,0:48:48.15,2926.95,129078494,2928.15,129131415
Tamaki,920,0:48:53.45,0:48:55.95,2933.45,129365144,2935.95,129475394
Tamaki,922,0:48:56.80,0:48:57.85,2936.8,129512880,2937.85,129559185
Tamaki,929,0:49:11.05,0:49:12.47,2951.05,130141305,2952.47,130203926
Tamaki,930,0:49:12.47,0:49:13.76,2952.47,130203926,2953.76,130260816
Tamaki,941,0:49:37.98,0:49:39.76,2977.98,131328918,2979.76,131407416
Tamaki,945,0:49:46.92,0:49:49.00,2986.92,131723172,2989.0,131814900
Tamaki,947,0:49:53.63,0:49:55.23,2993.63,132019083,2995.23,132089643
Tamaki,949,0:49:57.36,0:49:59.40,2997.36,132183576,2999.4,132273540
Tamaki,951,0:50:01.89,0:50:03.27,3001.89,132383349,3003.27,132444207
Tamaki,952,0:50:03.27,0:50:05.45,3003.27,132444207,3005.45,132540344
Tamaki,961,0:50:30.45,0:50:34.00,3030.45,133642844,3034.0,133799400
Tamaki,964,0:50:38.35,0:50:43.30,3038.35,133991235,3043.3,134209530
Tamaki,969,0:50:52.50,0:50:54.75,3052.5,134615250,3054.75,134714475
Tamaki,971,0:50:58.90,0:51:00.65,3058.9,134897490,3060.65,134974665
Tamaki,973,0:51:04.10,0:51:06.95,3064.1,135126810,3066.95,135252495
Tamaki,975,0:51:10.80,0:51:12.20,3070.8,135422280,3072.2,135484020
Tamaki,978,0:51:18.50,0:51:20.35,3078.5,135761850,3080.35,135843435
Tamaki,983,0:51:32.25,0:51:33.27,3092.25,136368225,3093.27,136413207
Tamaki,984,0:51:33.27,0:51:36.84,3093.27,136413207,3096.84,136570644
Tamaki,985,0:51:36.84,0:51:40.25,3096.84,136570644,3100.25,136721025
Tamaki,987,0:51:43.60,0:51:44.18,3103.6,136868760,3104.18,136894338
Tamaki,988,0:51:44.18,0:51:47.51,3104.18,136894338,3107.51,137041191
Tamaki,989,0:51:47.51,0:51:50.07,3107.51,137041191,3110.07,137154087
Tamaki,990,0:51:50.07,0:51:52.50,3110.07,137154087,3112.5,137261250
Tamaki,991,0:51:52.50,0:51:55.35,3112.5,137261250,3115.35,137386935
Tamaki,994,0:52:01.85,0:52:06.50,3121.85,137673585,3126.5,137878650
Tamaki,996,0:52:07.70,0:52:11.60,3127.7,137931570,3131.6,138103560
Tamaki,999,0:52:16.55,0:52:20.75,3136.55,138321855,3140.75,138507075
Tamaki,1002,0:52:23.05,0:52:25.62,3143.05,138608505,3145.62,138721842
Tamaki,1003,0:52:25.62,0:52:28.56,3145.62,138721842,3148.56,138851496
Tamaki,1004,0:52:28.56,0:52:33.16,3148.56,138851496,3153.16,139054356
Tamaki,1005,0:52:33.16,0:52:37.10,3153.16,139054356,3157.1,139228110
Tamaki,1006,0:52:37.10,0:52:41.10,3157.1,139228110,3161.1,139404510
Tamaki,1010,0:52:48.55,0:52:51.60,3168.55,139733055,3171.6,139867560
Tamaki,1011,0:52:51.60,0:52:56.75,3171.6,139867560,3176.75,140094675
Tamaki,1019,0:53:21.65,0:53:24.06,3201.65,141192765,3204.06,141299046
Tamaki,1020,0:53:24.06,0:53:28.89,3204.06,141299046,3208.89,141512049
Tamaki,1021,0:53:28.89,0:53:31.64,3208.89,141512049,3211.64,141633324
Tamaki,1022,0:53:31.64,0:53:35.60,3211.64,141633324,3215.6,141807960
Tamaki,1023,0:53:38.85,0:53:43.65,3218.85,141951285,3223.65,142162965
Tamaki,1028,0:54:00.60,0:54:02.85,3240.6,142910460,3242.85,143009685
Tamaki,1038,0:54:41.70,0:54:44.35,3281.7,144722970,3284.35,144839835
Tamaki,1040,0:54:47.15,0:54:51.40,3287.15,144963315,3291.4,145150740
Tamaki,1042,0:54:55.70,0:54:57.00,3295.7,145340370,3297.0,145397700
Tamaki,1044,0:54:59.30,0:55:00.60,3299.3,145499130,3300.6,145556460
Tamaki,1046,0:55:02.20,0:55:04.05,3302.2,145627020,3304.05,145708605
Tamaki,1049,0:55:09.85,0:55:12.10,3309.85,145964385,3312.1,146063610
Tamaki,1051,0:55:19.15,0:55:21.05,3319.15,146374515,3321.05,146458305
Tamaki,1053,0:55:22.30,0:55:24.20,3322.3,146513430,3324.2,146597220
Tamaki,1056,0:55:30.20,0:55:33.95,3330.2,146861820,3333.95,147027195
Tamaki,1058,0:55:35.75,0:55:39.55,3335.75,147106575,3339.55,147274155
Tamaki,1060,0:55:43.05,0:55:46.75,3343.05,147428505,3346.75,147591675
Tamaki,1062,0:55:48.45,0:55:51.50,3348.45,147666645,3351.5,147801150
Tamaki,1065,0:55:56.10,0:56:02.55,3356.1,148004010,3362.55,148288455
Tamaki,1066,0:56:02.55,0:56:05.34,3362.55,148288455,3365.34,148411494
Tamaki,1067,0:56:05.34,0:56:11.05,3365.34,148411494,3371.05,148663305
Tamaki,1068,0:56:11.05,0:56:13.30,3371.05,148663305,3373.3,148762530
Tamaki,1069,0:56:13.30,0:56:18.54,3373.3,148762530,3378.54,148993614
Tamaki,1070,0:56:18.54,0:56:20.95,3378.54,148993614,3380.95,149099895
Tamaki,1073,0:56:26.05,0:56:29.70,3386.05,149324805,3389.7,149485770
Tamaki,1075,0:56:33.25,0:56:35.90,3393.25,149642325,3395.9,149759190
Tamaki,1076,0:56:35.90,0:56:38.85,3395.9,149759190,3398.85,149889285
Tamaki,1079,0:56:45.95,0:56:51.20,3405.95,150202395,3411.2,150433920
Tamaki,1082,0:56:55.65,0:56:59.60,3415.65,150630165,3419.6,150804360
Tamaki,1085,0:57:06.50,0:57:10.80,3426.5,151108650,3430.8,151298280
Tamaki,1086,0:57:10.80,0:57:12.65,3430.8,151298280,3432.65,151379865
Tamaki,1088,0:57:15.50,0:57:24.40,3435.5,151505550,3444.4,151898040
Tamaki,1090,0:57:28.20,0:57:29.60,3448.2,152065620,3449.6,152127360
