,,Start,End,Start_seconds,Start_samples,End_seconds,End_samples
Ichinose,6,0:04:43.95,0:04:45.10,283.95,12522195,285.1,12572910
Ichinose,12,0:04:57.55,0:05:14.01,297.55,13121955,314.01,13847841
Ichinose,17,0:05:16.30,0:05:20.70,316.3,13948830,320.7,14142870
Ichinose,23,0:05:34.18,0:05:38.47,334.18,14737338,338.47,14926527
Ichinose,28,0:05:47.32,0:05:54.58,347.32,15316812,354.58,15636978
Ichinose,41,0:06:24.92,0:06:32.75,384.92,16974972,392.75,17320275
Ichinose,47,0:06:46.92,0:06:50.01,406.92,17945172,410.01,18081441
Ichinose,52,0:07:03.10,0:07:16.30,423.1,18658710,436.3,19240830
Ichinose,56,0:07:19.72,0:07:28.41,439.72,19391652,448.41,19774881
Ichinose,59,0:07:30.41,0:07:36.81,450.41,19863081,456.81,20145321
Ichinose,66,0:07:52.41,0:07:56.12,472.40999999999997,20833281,476.12,20996892
Ichinose,71,0:08:09.38,0:08:11.05,489.38,21581658,491.05,21655305
Ichinose,81,0:08:39.72,0:08:51.21,519.72,22919652,531.21,23426361
Ichinose,84,0:08:53.21,0:09:06.07,533.21,23514561,546.07,24081687
Ichinose,89,0:09:09.50,0:09:12.98,549.5,24232950,552.98,24386418
Ichinose,92,0:09:18.58,0:09:21.04,558.58,24633378,561.04,24741864
Ichinose,94,0:09:23.10,0:09:26.75,563.1,24832710,566.75,24993675
Ichinose,96,0:09:28.30,0:09:29.75,568.3,25062029,569.75,25125975
Ichinose,100,0:09:40.89,0:09:44.15,580.89,25617249,584.15,25761015
Ichinose,102,0:09:48.12,0:09:55.04,588.12,25936092,595.04,26241264
Ichinose,106,0:09:57.10,0:09:59.90,597.1,26332110,599.9,26455590
Ichinose,108,0:09:59.72,0:10:01.50,599.72,26447652,601.5,26526150
Ichinose,111,0:10:06.12,0:10:14.35,606.12,26729892,614.35,27092835
Ichinose,115,0:10:15.44,0:10:17.15,615.44,27140904,617.15,27216315
Ichinose,117,0:10:19.67,0:10:22.18,619.67,27327447,622.18,27438137
Ichinose,119,0:10:24.41,0:10:26.58,624.41,27536481,626.58,27632178
Ichinose,121,0:10:29.10,0:10:33.04,629.1,27743310,633.04,27917064
Ichinose,123,0:10:33.61,0:10:35.27,633.61,27942201,635.27,28015407
Ichinose,132,0:10:59.30,0:11:01.32,659.3,29075129,661.32,29164212
Ichinose,137,0:11:11.78,0:11:20.81,671.78,29625498,680.81,30023720
Ichinose,144,0:11:34.01,0:11:40.12,694.01,30605841,700.12,30875292
Ichinose,153,0:12:01.95,0:12:06.41,721.95,31837995,726.41,32034681
Ichinose,157,0:12:12.30,0:12:16.47,732.3,32294429,736.47,32478327
Ichinose,160,0:12:25.84,0:12:27.21,745.84,32891544,747.21,32951961
Ichinose,164,0:12:33.55,0:12:35.67,753.55,33231554,755.67,33325047
Ichinose,168,0:12:41.90,0:12:45.27,761.9,33599790,765.27,33748407
Ichinose,177,0:13:10.64,0:13:12.01,790.64,34867224,792.01,34927641
Ichinose,183,0:13:22.52,0:13:24.35,802.52,35391132,804.35,35471835
Ichinose,187,0:13:32.30,0:13:34.30,812.3,35822430,814.3,35910630
Ichinose,190,0:13:38.64,0:13:43.15,818.64,36102024,823.15,36300915
Ichinose,195,0:13:53.21,0:13:58.98,833.21,36744561,838.98,36999018
Ichinose,198,0:14:00.18,0:14:05.90,840.18,37051938,845.9,37304190
Ichinose,202,0:14:07.90,0:14:11.65,847.9,37392390,851.65,37557765
Ichinose,207,0:14:25.45,0:14:29.72,865.45,38166345,869.72,38354652
Ichinose,209,0:14:32.47,0:14:40.92,872.47,38475927,880.92,38848572
Ichinose,212,0:14:42.81,0:14:56.98,882.81,38931921,896.98,39556818
Ichinose,216,0:14:57.04,0:15:01.67,897.04,39559464,901.67,39763647
Ichinose,222,0:15:12.18,0:15:15.45,912.18,40227138,915.45,40371345
Ichinose,225,0:15:19.38,0:15:21.32,919.38,40544658,921.32,40630212
Ichinose,226,0:15:21.40,0:15:22.30,921.4,40633740,922.3,40673430
Ichinose,228,0:15:24.81,0:15:31.21,924.81,40784121,931.21,41066361
Ichinose,234,0:15:36.24,0:15:40.18,936.24,41288184,940.18,41461938
Ichinose,239,0:15:44.98,0:15:48.18,944.98,41673618,948.18,41814738
Ichinose,242,0:15:49.15,0:15:50.58,949.15,41857515,950.58,41920578
Ichinose,245,0:15:54.78,0:15:57.95,954.78,42105798,957.95,42245595
Ichinose,247,0:16:00.50,0:16:15.95,960.5,42358050,975.95,43039395
Ichinose,252,0:16:15.85,0:16:20.95,975.85,43034985,980.95,43259895
Ichinose,254,0:16:24.40,0:16:30.25,984.4,43412040,990.25,43670025
Ichinose,256,0:16:33.65,0:16:41.15,993.65,43819965,1001.15,44150715
Ichinose,258,0:16:42.35,0:16:44.25,1002.35,44203635,1004.25,44287425
Ichinose,264,0:17:04.70,0:17:17.15,1024.7,45189270,1037.15,45738315
Ichinose,268,0:17:18.90,0:17:21.60,1038.9,45815490,1041.6,45934559
Ichinose,271,0:17:22.90,0:17:24.40,1042.9,45991890,1044.4,46058040
Ichinose,272,0:17:25.90,0:17:28.90,1045.9,46124190,1048.9,46256490
Ichinose,274,0:17:31.15,0:17:32.90,1051.15,46355715,1052.9,46432890
Ichinose,278,0:17:40.60,0:17:42.55,1060.6,46772459,1062.55,46858455
Ichinose,280,0:17:43.70,0:17:45.45,1063.7,46909170,1065.45,46986345
Ichinose,282,0:17:47.90,0:17:54.05,1067.9,47094390,1074.05,47365605
Ichinose,283,0:17:54.65,0:17:58.60,1074.65,47392065,1078.6,47566259
Ichinose,285,0:18:01.30,0:18:07.05,1081.3,47685330,1087.05,47938905
Ichinose,290,0:18:18.40,0:18:27.40,1098.4,48439440,1107.4,48836340
Ichinose,293,0:18:31.70,0:18:33.85,1111.7,49025970,1113.85,49120784
Ichinose,296,0:18:39.70,0:18:48.25,1119.7,49378770,1128.25,49755825
Ichinose,299,0:18:50.25,0:18:53.40,1130.25,49844025,1133.4,49982940
Ichinose,301,0:18:54.95,0:18:58.65,1134.95,50051295,1138.65,50214465
Ichinose,304,0:19:04.70,0:19:05.95,1144.7,50481270,1145.95,50536395
Ichinose,307,0:19:11.95,0:19:30.40,1151.95,50800995,1170.4,51614640
Ichinose,314,0:19:32.05,0:19:34.00,1172.05,51687405,1174.0,51773400
Ichinose,317,0:19:40.35,0:19:46.20,1180.35,52053434,1186.2,52311420
Ichinose,321,0:19:54.30,0:19:56.80,1194.3,52668630,1196.8,52778880
Ichinose,322,0:19:57.90,0:20:01.85,1197.9,52827390,1201.85,53001584
Ichinose,325,0:20:08.30,0:20:18.70,1208.3,53286030,1218.7,53744670
Ichinose,327,0:20:19.15,0:20:24.60,1219.15,53764515,1224.6,54004859
Ichinose,330,0:20:28.45,0:20:31.00,1228.45,54174645,1231.0,54287100
Ichinose,333,0:20:37.60,0:20:43.45,1237.6,54578159,1243.45,54836145
Ichinose,335,0:20:46.65,0:20:48.30,1246.65,54977265,1248.3,55050030
Ichinose,337,0:20:53.85,0:20:57.40,1253.85,55294784,1257.4,55451340
Ichinose,340,0:21:04.40,0:21:14.70,1264.4,55760040,1274.7,56214270
Ichinose,347,0:21:23.60,0:21:27.00,1283.6,56606759,1287.0,56756700
Ichinose,350,0:21:29.55,0:21:32.70,1289.55,56869155,1292.7,57008070
Ichinose,352,0:21:33.35,0:21:36.15,1293.35,57036734,1296.15,57160215
Ichinose,353,0:21:37.45,0:21:39.35,1297.45,57217545,1299.35,57301334
Ichinose,354,0:21:40.45,0:21:43.25,1300.45,57349845,1303.25,57473325
Ichinose,357,0:21:48.90,0:21:55.40,1308.9,57722490,1315.4,58009140
Ichinose,361,0:22:00.75,0:22:06.60,1320.75,58245075,1326.6,58503059
Ichinose,366,0:22:17.90,0:22:19.85,1337.9,59001390,1339.85,59087384
Ichinose,370,0:22:27.80,0:22:31.25,1347.8,59437980,1351.25,59590125
Ichinose,372,0:22:34.30,0:22:39.95,1354.3,59724630,1359.95,59973795
Ichinose,375,0:22:42.50,0:22:46.50,1362.5,60086250,1366.5,60262650
Ichinose,381,0:23:01.20,0:23:09.95,1381.2,60910920,1389.95,61296795
Ichinose,385,0:23:16.85,0:23:23.25,1396.85,61601084,1403.25,61883325
Ichinose,387,0:23:24.55,0:23:26.25,1404.55,61940655,1406.25,62015625
Ichinose,389,0:23:28.10,0:23:31.55,1408.1,62097209,1411.55,62249355
Ichinose,393,0:23:36.55,0:23:38.55,1416.55,62469855,1418.55,62558055
Ichinose,397,0:23:43.90,0:23:50.75,1423.9,62793990,1430.75,63096075
Ichinose,401,0:23:54.30,0:23:57.05,1434.3,63252630,1437.05,63373905
Ichinose,409,0:24:25.00,0:24:25.85,1465.0,64606500,1465.85,64643984
Ichinose,411,0:24:30.10,0:24:32.90,1470.1,64831409,1472.9,64954890
Ichinose,413,0:24:35.35,0:24:41.50,1475.35,65062934,1481.5,65334150
Ichinose,415,0:24:45.35,0:24:49.45,1485.35,65503934,1489.45,65684745
Ichinose,419,0:24:56.50,0:24:59.20,1496.5,65995650,1499.2,66114720
Ichinose,423,0:25:11.30,0:25:17.50,1511.3,66648330,1517.5,66921750
Ichinose,427,0:25:22.80,0:25:25.00,1522.8,67155480,1525.0,67252500
Ichinose,429,0:25:28.00,0:25:38.30,1528.0,67384800,1538.3,67839030
Ichinose,433,0:25:40.40,0:25:43.15,1540.4,67931640,1543.15,68052915
Ichinose,435,0:25:46.10,0:25:50.35,1546.1,68183010,1550.35,68370435
Ichinose,438,0:25:51.95,0:25:58.50,1551.95,68440995,1558.5,68729850
Ichinose,441,0:25:59.45,0:26:05.70,1559.45,68771745,1565.7,69047370
Ichinose,445,0:26:07.30,0:26:12.00,1567.3,69117930,1572.0,69325200
Ichinose,447,0:26:13.10,0:26:18.10,1573.1,69373710,1578.1,69594210
Ichinose,449,0:26:18.50,0:26:22.30,1578.5,69611850,1582.3,69779430
Ichinose,451,0:26:23.65,0:26:26.50,1583.65,69838965,1586.5,69964650
Ichinose,452,0:26:27.55,0:26:31.85,1587.55,70010955,1591.85,70200585
Ichinose,454,0:26:36.45,0:26:48.25,1596.45,70403445,1608.25,70923825
Ichinose,458,0:26:56.85,0:27:04.20,1616.85,71303085,1624.2,71627220
Ichinose,459,0:27:05.20,0:27:06.80,1625.2,71671320,1626.8,71741880
Ichinose,462,0:27:15.55,0:27:17.65,1635.55,72127755,1637.65,72220365
Ichinose,466,0:27:27.20,0:27:32.05,1647.2,72641520,1652.05,72855405
Ichinose,470,0:27:37.70,0:27:44.05,1657.7,73104570,1664.05,73384605
Ichinose,475,0:27:52.60,0:27:56.90,1672.6,73761660,1676.9,73951290
Ichinose,477,0:27:59.85,0:28:00.75,1679.85,74081385,1680.75,74121075
Ichinose,479,0:28:03.65,0:28:04.40,1683.65,74248965,1684.4,74282040
Ichinose,482,0:28:10.25,0:28:11.20,1690.25,74540025,1691.2,74581920
Ichinose,483,0:28:11.80,0:28:12.65,1691.8,74608380,1692.65,74645865
Ichinose,485,0:28:14.85,0:28:20.20,1694.85,74742885,1700.2,74978820
Ichinose,487,0:28:24.05,0:28:26.00,1704.05,75148605,1706.0,75234600
Ichinose,489,0:28:29.35,0:28:32.25,1709.35,75382335,1712.25,75510225
Ichinose,496,0:28:50.70,0:28:51.55,1730.7,76323870,1731.55,76361355
Ichinose,500,0:28:58.75,0:29:00.50,1738.75,76678875,1740.5,76756050
Ichinose,503,0:29:04.20,0:29:08.20,1744.2,76919220,1748.2,77095620
Ichinose,506,0:29:08.85,0:29:32.35,1748.85,77124285,1772.35,78160635
Ichinose,516,0:29:33.85,0:29:35.45,1773.85,78226785,1775.45,78297345
Ichinose,517,0:29:36.50,0:29:37.65,1776.5,78343650,1777.65,78394365
Ichinose,519,0:29:41.70,0:29:46.95,1781.7,78572970,1786.95,78804495
Ichinose,522,0:29:51.80,0:29:53.55,1791.8,79018380,1793.55,79095555
Ichinose,524,0:29:54.95,0:29:56.90,1794.95,79157295,1796.9,79243290
Ichinose,526,0:30:01.30,0:30:18.25,1801.3,79437330,1818.25,80184825
Ichinose,530,0:30:19.30,0:30:25.10,1819.3,80231130,1825.1,80486910
Ichinose,532,0:30:26.90,0:30:34.65,1826.9,80566290,1834.65,80908065
Ichinose,536,0:30:35.95,0:30:40.55,1835.95,80965395,1840.55,81168255
Ichinose,537,0:30:42.00,0:30:44.75,1842.0,81232200,1844.75,81353475
Ichinose,538,0:30:45.85,0:30:51.10,1845.85,81401985,1851.1,81633510
Ichinose,540,0:30:53.15,0:30:56.05,1853.15,81723915,1856.05,81851805
Ichinose,542,0:30:59.30,0:31:02.60,1859.3,81995130,1862.6,82140660
Ichinose,544,0:31:03.70,0:31:05.30,1863.7,82189170,1865.3,82259730
Ichinose,546,0:31:11.40,0:31:13.35,1871.4,82528740,1873.35,82614735
Ichinose,548,0:31:19.00,0:31:20.40,1879.0,82863900,1880.4,82925640
Ichinose,549,0:31:21.40,0:31:23.25,1881.4,82969740,1883.25,83051325
Ichinose,551,0:31:27.90,0:31:33.05,1887.9,83256390,1893.05,83483505
Ichinose,553,0:31:36.00,0:31:44.00,1896.0,83613600,1904.0,83966400
Ichinose,557,0:31:45.65,0:31:54.10,1905.65,84039165,1914.1,84411810
Ichinose,560,0:31:56.75,0:31:59.70,1916.75,84528675,1919.7,84658770
Ichinose,562,0:32:01.60,0:32:02.55,1921.6,84742560,1922.55,84784455
Ichinose,565,0:32:09.20,0:32:11.20,1929.2,85077720,1931.2,85165920
Ichinose,567,0:32:14.65,0:32:20.45,1934.65,85318065,1940.45,85573845
Ichinose,569,0:32:22.60,0:32:50.95,1942.6,85668660,1970.95,86918895
Ichinose,579,0:32:52.20,0:32:54.65,1972.2,86974020,1974.65,87082065
Ichinose,581,0:32:56.05,0:32:58.65,1976.05,87143805,1978.65,87258465
Ichinose,583,0:33:00.40,0:33:01.70,1980.4,87335640,1981.7,87392970
Ichinose,585,0:33:05.70,0:33:10.05,1985.7,87569370,1990.05,87761205
Ichinose,587,0:33:13.00,0:33:18.55,1993.0,87891300,1998.55,88136055
Ichinose,590,0:33:19.95,0:33:28.15,1999.95,88197795,2008.15,88559415
Ichinose,593,0:33:31.45,0:33:39.10,2011.45,88704945,2019.1,89042310
Ichinose,596,0:33:44.40,0:33:45.60,2024.4,89276040,2025.6,89328960
Ichinose,598,0:33:50.25,0:33:58.30,2030.25,89534025,2038.3,89889030
Ichinose,602,0:34:00.45,0:34:01.75,2040.45,89983845,2041.75,90041175
Ichinose,607,0:34:20.80,0:34:24.20,2060.8,90881280,2064.2,91031219
Ichinose,608,0:34:25.55,0:34:29.25,2065.55,91090755,2069.25,91253925
Ichinose,609,0:34:29.90,0:34:34.60,2069.9,91282590,2074.6,91489860
Ichinose,610,0:34:36.50,0:34:41.50,2076.5,91573650,2081.5,91794150
Ichinose,613,0:34:44.05,0:34:46.70,2084.05,91906605,2086.7,92023469
Ichinose,615,0:34:50.20,0:35:06.80,2090.2,92177819,2106.8,92909880
Ichinose,621,0:35:09.10,0:35:13.45,2109.1,93011310,2113.45,93203144
Ichinose,624,0:35:16.65,0:35:21.80,2116.65,93344265,2121.8,93571380
Ichinose,626,0:35:24.50,0:35:29.05,2124.5,93690450,2129.05,93891105
Ichinose,628,0:35:30.25,0:35:38.00,2130.25,93944025,2138.0,94285800
Ichinose,631,0:35:42.45,0:35:45.30,2142.45,94482044,2145.3,94607730
Ichinose,633,0:35:48.15,0:35:55.80,2148.15,94733415,2155.8,95070780
Ichinose,635,0:35:57.20,0:36:00.65,2157.2,95132519,2160.65,95284665
Ichinose,637,0:36:01.70,0:36:05.85,2161.7,95330969,2165.85,95513985
Ichinose,639,0:36:09.35,0:36:16.90,2169.35,95668335,2176.9,96001290
Ichinose,642,0:36:20.50,0:36:22.25,2180.5,96160050,2182.25,96237225
Ichinose,645,0:36:28.85,0:36:33.25,2188.85,96528285,2193.25,96722325
Ichinose,648,0:36:37.85,0:36:39.85,2197.85,96925185,2199.85,97013385
Ichinose,650,0:36:41.85,0:36:42.95,2201.85,97101585,2202.95,97150094
Ichinose,660,0:37:08.90,0:37:12.30,2228.9,98294490,2232.3,98444430
Ichinose,662,0:37:18.50,0:37:23.60,2238.5,98717850,2243.6,98942760
Ichinose,664,0:37:26.75,0:37:29.20,2246.75,99081675,2249.2,99189719
Ichinose,667,0:37:31.90,0:37:35.30,2251.9,99308790,2255.3,99458730
Ichinose,670,0:37:43.20,0:37:47.75,2263.2,99807119,2267.75,100007775
Ichinose,674,0:37:53.70,0:37:54.95,2273.7,100270169,2274.95,100325294
Ichinose,680,0:38:10.35,0:38:13.35,2290.35,101004435,2293.35,101136735
Ichinose,683,0:38:17.25,0:38:19.95,2297.25,101308725,2299.95,101427794
Ichinose,685,0:38:24.60,0:38:35.55,2304.6,101632860,2315.55,102115755
Ichinose,687,0:38:37.45,0:38:52.55,2317.45,102199544,2332.55,102865455
Ichinose,691,0:38:55.10,0:38:58.30,2335.1,102977910,2338.3,103119030
Ichinose,693,0:39:03.10,0:39:07.85,2343.1,103330710,2347.85,103540185
Ichinose,695,0:39:12.30,0:39:20.05,2352.3,103736430,2360.05,104078205
Ichinose,703,0:39:43.55,0:39:52.65,2383.55,105114555,2392.65,105515865
Ichinose,706,0:39:54.35,0:40:05.00,2394.35,105590835,2405.0,106060500
Ichinose,710,0:40:07.80,0:40:09.30,2407.8,106183980,2409.3,106250130
Ichinose,713,0:40:19.60,0:40:27.35,2419.6,106704360,2427.35,107046135
Ichinose,715,0:40:28.40,0:40:35.60,2428.4,107092440,2435.6,107409960
Ichinose,717,0:40:38.15,0:40:39.20,2438.15,107522415,2439.2,107568719
Ichinose,720,0:40:48.25,0:40:52.25,2448.25,107967825,2452.25,108144225
Ichinose,722,0:40:56.70,0:41:05.45,2456.7,108340469,2465.45,108726344
Ichinose,724,0:41:06.10,0:41:08.85,2466.1,108755010,2468.85,108876285
Ichinose,726,0:41:12.05,0:41:23.15,2472.05,109017405,2483.15,109506915
Ichinose,729,0:41:24.90,0:41:29.90,2484.9,109584090,2489.9,109804590
Ichinose,732,0:41:33.95,0:41:35.85,2493.95,109983194,2495.85,110066985
Ichinose,734,0:41:38.45,0:41:43.80,2498.45,110181644,2503.8,110417580
Ichinose,737,0:41:48.55,0:41:57.35,2508.55,110627055,2517.35,111015135
Ichinose,741,0:41:59.35,0:42:10.80,2519.35,111103335,2530.8,111608280
Ichinose,743,0:42:11.30,0:42:14.80,2531.3,111630330,2534.8,111784680
Ichinose,744,0:42:15.45,0:42:21.55,2535.45,111813344,2541.55,112082355
Ichinose,747,0:42:23.15,0:42:26.50,2543.15,112152915,2546.5,112300650
Ichinose,749,0:42:27.50,0:42:28.10,2547.5,112344750,2548.1,112371210
Ichinose,751,0:42:29.70,0:42:32.25,2549.7,112441769,2552.25,112554225
Ichinose,763,0:43:09.60,0:43:11.35,2589.6,114201360,2591.35,114278535
Ichinose,765,0:43:14.05,0:43:16.60,2594.05,114397605,2596.6,114510060
Ichinose,768,0:43:18.95,0:43:23.35,2598.95,114613694,2603.35,114807735
Ichinose,769,0:43:24.75,0:43:43.00,2604.75,114869475,2623.0,115674300
Ichinose,772,0:43:43.95,0:43:44.95,2623.95,115716194,2624.95,115760294
Ichinose,773,0:43:46.60,0:43:58.65,2626.6,115833060,2638.65,116364465
Ichinose,777,0:44:00.40,0:44:15.80,2640.4,116441640,2655.8,117120780
Ichinose,780,0:44:17.40,0:44:20.20,2657.4,117191340,2660.2,117314819
Ichinose,782,0:44:22.00,0:44:24.05,2662.0,117394200,2664.05,117484605
Ichinose,784,0:44:27.25,0:44:29.05,2667.25,117625725,2669.05,117705105
Ichinose,786,0:44:32.95,0:44:39.25,2672.95,117877094,2679.25,118154925
Ichinose,790,0:44:44.80,0:44:48.50,2684.8,118399680,2688.5,118562850
Ichinose,791,0:44:50.20,0:44:59.55,2690.2,118637819,2699.55,119050155
Ichinose,795,0:45:04.75,0:45:07.60,2704.75,119279475,2707.6,119405160
Ichinose,797,0:45:08.30,0:45:10.25,2708.3,119436030,2710.25,119522025
Ichinose,799,0:45:14.75,0:45:20.10,2714.75,119720475,2720.1,119956410
Ichinose,802,0:45:24.65,0:45:27.35,2724.65,120157065,2727.35,120276135
Ichinose,804,0:45:33.50,0:45:39.75,2733.5,120547350,2739.75,120822975
Ichinose,807,0:45:42.15,0:45:51.15,2742.15,120928815,2751.15,121325715
Ichinose,814,0:46:07.65,0:46:20.75,2767.65,122053365,2780.75,122631075
Ichinose,819,0:46:22.15,0:46:28.55,2782.15,122692815,2788.55,122975055
Ichinose,823,0:46:37.45,0:46:39.45,2797.45,123367544,2799.45,123455744
Ichinose,825,0:46:40.50,0:46:43.35,2800.5,123502050,2803.35,123627735
Ichinose,826,0:46:44.50,0:46:47.45,2804.5,123678450,2807.45,123808544
Ichinose,828,0:46:49.50,0:46:55.45,2809.5,123898950,2815.45,124161344
Ichinose,829,0:46:56.35,0:47:02.45,2816.35,124201035,2822.45,124470044
Ichinose,833,0:47:08.85,0:47:19.25,2828.85,124752285,2839.25,125210925
Ichinose,838,0:47:24.40,0:47:28.25,2844.4,125438040,2848.25,125607825
Ichinose,840,0:47:30.50,0:47:32.70,2850.5,125707050,2852.7,125804069
Ichinose,842,0:47:37.20,0:47:46.80,2857.2,126002519,2866.8,126425880
Ichinose,847,0:47:49.50,0:47:54.75,2869.5,126544950,2874.75,126776475
Ichinose,851,0:48:02.65,0:48:09.45,2882.65,127124865,2889.45,127424744
Ichinose,853,0:48:11.90,0:48:15.80,2891.9,127532790,2895.8,127704780
Ichinose,855,0:48:23.10,0:48:34.55,2903.1,128026710,2914.55,128531655
Ichinose,862,0:48:54.05,0:48:56.75,2934.05,129391605,2936.75,129510675
Ichinose,864,0:49:01.50,0:49:10.15,2941.5,129720150,2950.15,130101615
Ichinose,867,0:49:17.00,0:49:20.80,2957.0,130403700,2960.8,130571280
Ichinose,871,0:49:28.10,0:49:29.35,2968.1,130893210,2969.35,130948335
Ichinose,873,0:49:33.85,0:49:40.45,2973.85,131146785,2980.45,131437844
Ichinose,875,0:49:41.65,0:49:48.50,2981.65,131490765,2988.5,131792850
Ichinose,877,0:49:52.05,0:49:59.95,2992.05,131949405,2999.95,132297794
Ichinose,879,0:50:03.65,0:50:07.55,3003.65,132460965,3007.55,132632955
Ichinose,881,0:50:08.75,0:50:13.60,3008.75,132685875,3013.6,132899760
Ichinose,883,0:50:15.95,0:50:21.30,3015.95,133003394,3021.3,133239330
Ichinose,886,0:50:23.10,0:50:28.25,3023.1,133318710,3028.25,133545825
Ichinose,889,0:50:30.90,0:50:42.95,3030.9,133662690,3042.95,134194094
Ichinose,896,0:50:46.35,0:50:49.80,3046.35,134344035,3049.8,134496180
Ichinose,897,0:50:51.80,0:50:57.65,3051.8,134584380,3057.65,134842365
Ichinose,900,0:50:59.50,0:51:02.05,3059.5,134923950,3062.05,135036405
Ichinose,902,0:51:03.90,0:51:09.00,3063.9,135117990,3069.0,135342900
Ichinose,904,0:51:11.45,0:51:15.80,3071.45,135450945,3075.8,135642780
Ichinose,906,0:51:18.00,0:51:36.70,3078.0,135739800,3096.7,136564470
Ichinose,912,0:51:40.10,0:51:43.50,3100.1,136714410,3103.5,136864350
Ichinose,914,0:51:47.20,0:51:58.45,3107.2,137027520,3118.45,137523645
Ichinose,916,0:51:59.55,0:52:07.95,3119.55,137572155,3127.95,137942595
Ichinose,919,0:52:09.70,0:52:15.85,3129.7,138019770,3135.85,138290985
Ichinose,923,0:52:19.60,0:52:21.25,3139.6,138456360,3141.25,138529125
Ichinose,925,0:52:22.40,0:52:25.10,3142.4,138579840,3145.1,138698910
Ichinose,927,0:52:27.35,0:52:32.40,3147.35,138798135,3152.4,139020840
Ichinose,930,0:52:37.40,0:52:39.90,3157.4,139241340,3159.9,139351590
Ichinose,937,0:53:04.90,0:53:10.30,3184.9,140454090,3190.3,140692230
Ichinose,938,0:53:11.80,0:53:16.30,3191.8,140758380,3196.3,140956830
Ichinose,940,0:53:17.10,0:53:22.05,3197.1,140992110,3202.05,141210405
Ichinose,942,0:53:23.25,0:53:28.55,3203.25,141263325,3208.55,141497055
Ichinose,946,0:53:31.05,0:53:31.90,3211.05,141607305,3211.9,141644790
Ichinose,948,0:53:32.95,0:53:39.17,3212.95,141691095,3219.17,141965397
Ichinose,951,0:53:39.79,0:53:46.15,3219.79,141992739,3226.15,142273215
Ichinose,956,0:53:48.86,0:54:11.22,3228.86,142392726,3251.22,143378802
Ichinose,965,0:54:09.93,0:54:13.08,3249.93,143321913,3253.08,143460828
Ichinose,967,0:54:14.86,0:54:22.02,3254.86,143539326,3262.02,143855082
Ichinose,971,0:54:24.10,0:54:27.53,3264.1,143946810,3267.53,144098073
Ichinose,973,0:54:28.95,0:54:32.46,3268.95,144160695,3272.46,144315486
Ichinose,975,0:54:34.50,0:54:36.99,3274.5,144405450,3276.99,144515259
Ichinose,978,0:54:40.55,0:55:05.55,3280.55,144672255,3305.55,145774755
Ichinose,987,0:55:09.10,0:55:13.45,3309.1,145931310,3313.45,146123145
Ichinose,990,0:55:18.40,0:55:27.60,3318.4,146341440,3327.6,146747160
Ichinose,995,0:55:29.85,0:55:34.00,3329.85,146846385,3334.0,147029400
Ichinose,997,0:55:35.75,0:55:39.20,3335.75,147106575,3339.2,147258720
Ichinose,999,0:55:42.05,0:55:45.90,3342.05,147384405,3345.9,147554190
Ichinose,1001,0:55:47.30,0:55:50.20,3347.3,147615930,3350.2,147743820
Ichinose,1002,0:55:52.00,0:55:53.60,3352.0,147823200,3353.6,147893760
Ichinose,1004,0:55:55.45,0:56:04.45,3355.45,147975345,3364.45,148372245
Ichinose,1007,0:56:05.95,0:56:07.35,3365.95,148438395,3367.35,148500135
Ichinose,1011,0:56:15.35,0:56:18.70,3375.35,148852935,3378.7,149000670
Ichinose,1017,0:56:30.45,0:56:36.95,3390.45,149518845,3396.95,149805495
Ichinose,1020,0:56:41.20,0:56:42.80,3401.2,149992920,3402.8,150063480
Ichinose,1022,0:56:47.20,0:56:48.20,3407.2,150257520,3408.2,150301620
Ichinose,1023,0:56:49.15,0:56:51.65,3409.15,150343515,3411.65,150453765
Ichinose,1025,0:56:55.85,0:56:58.15,3415.85,150638985,3418.15,150740415
Ichinose,1033,0:57:16.20,0:57:22.75,3436.2,151536420,3442.75,151825275
Ichinose,1038,0:57:31.85,0:57:56.75,3451.85,152226585,3476.75,153324675
Ichinose,1050,0:58:18.75,0:58:21.70,3498.75,154294875,3501.7,154424970
Ichinose,1051,0:58:22.40,0:58:35.70,3502.4,154455840,3515.7,155042370
Ichinose,1055,0:58:37.95,0:58:50.90,3517.95,155141595,3530.9,155712690
Ichinose,1058,0:58:53.35,0:59:16.80,3533.35,155820735,3556.8,156854880
Ichinose,1066,0:59:19.45,0:59:22.25,3559.45,156971745,3562.25,157095225
Ichinose,1068,0:59:26.50,0:59:30.80,3566.5,157282650,3570.8,157472280
Ichinose,1070,0:59:32.10,0:59:34.40,3572.1,157529610,3574.4,157631040
Ichinose,1072,0:59:35.70,0:59:37.30,3575.7,157688370,3577.3,157758930
Ichinose,1074,0:59:39.15,0:59:44.95,3579.15,157840515,3584.95,158096295
Ichinose,1077,0:59:47.20,0:59:54.25,3587.2,158195520,3594.25,158506425
Ichinose,1079,0:59:55.10,0:59:57.40,3595.1,158543910,3597.4,158645340
Ichinose,1081,0:59:59.30,1:00:05.30,3599.3,158729130,3605.3,158993730
Ichinose,1084,1:00:09.05,1:00:10.85,3609.05,159159105,3610.85,159238485
Ichinose,1086,1:00:14.65,1:00:18.15,3614.65,159406065,3618.15,159560415
Ichinose,1088,1:00:21.85,1:00:23.55,3621.85,159723585,3623.55,159798555
Ichinose,1090,1:00:26.60,1:00:31.20,3626.6,159933060,3631.2,160135920
Ichinose,1098,1:00:56.05,1:01:01.15,3656.05,161231805,3661.15,161456715
Ichinose,1101,1:01:04.80,1:01:08.35,3664.8,161617680,3668.35,161774235
Ichinose,1104,1:01:13.95,1:01:19.05,3673.95,162021195,3679.05,162246105
Ichinose,1107,1:01:26.30,1:01:30.75,3686.3,162565830,3690.75,162762075
Ichinose,1110,1:01:34.70,1:01:41.60,3694.7,162936270,3701.6,163240560
Ichinose,1114,1:01:47.75,1:01:50.60,3707.75,163511775,3710.6,163637460
Ichinose,1116,1:01:59.50,1:02:02.40,3719.5,164029950,3722.4,164157840
Ichinose,1118,1:02:04.70,1:02:05.90,3724.7,164259270,3725.9,164312190
Tamaki,3,0:04:38.58,0:04:43.95,278.58,12285378,283.95,12522195
Tamaki,7,0:04:45.10,0:04:57.55,285.1,12572910,297.55,13121955
Tamaki,16,0:05:14.01,0:05:16.75,314.01,13847841,316.75,13968675
Tamaki,18,0:05:20.70,0:05:34.18,320.7,14142870,334.18,14737338
Tamaki,24,0:05:38.47,0:05:47.32,338.47,14926527,347.32,15316812
Tamaki,30,0:05:54.58,0:06:24.92,354.58,15636978,384.92,16974972
Tamaki,43,0:06:32.75,0:06:46.92,392.75,17320275,406.92,17945172
Tamaki,48,0:06:50.01,0:07:03.10,410.01,18081441,423.1,18658710
Tamaki,55,0:07:16.30,0:07:19.72,436.3,19240830,439.72,19391652
Tamaki,62,0:07:36.81,0:07:52.41,456.81,20145321,472.40999999999997,20833281
Tamaki,67,0:07:56.12,0:08:09.38,476.12,20996892,489.38,21581658
Tamaki,72,0:08:11.05,0:08:18.98,491.05,21655305,498.98,22005018
Tamaki,74,0:08:19.78,0:08:23.44,499.78,22040298,503.44,22201704
Tamaki,75,0:08:24.24,0:08:39.72,504.24,22236984,519.72,22919652
Tamaki,88,0:09:06.07,0:09:09.50,546.07,24081687,549.5,24232950
Tamaki,90,0:09:12.98,0:09:18.58,552.98,24386418,558.58,24633378
Tamaki,93,0:09:21.04,0:09:23.10,561.04,24741864,563.1,24832710
Tamaki,95,0:09:26.75,0:09:28.64,566.75,24993675,568.64,25077024
Tamaki,97,0:09:29.75,0:09:40.89,569.75,25125975,580.89,25617249
Tamaki,101,0:09:44.58,0:09:48.12,584.58,25779978,588.12,25936092
Tamaki,104,0:09:54.80,0:09:57.10,594.8,26230679,597.1,26332110
Tamaki,107,0:09:58.07,0:09:59.50,598.07,26374887,599.5,26437950
Tamaki,109,0:10:01.50,0:10:06.12,601.5,26526150,606.12,26729892
Tamaki,114,0:10:14.35,0:10:15.44,614.35,27092835,615.44,27140904
Tamaki,116,0:10:17.15,0:10:19.67,617.15,27216315,619.67,27327447
Tamaki,118,0:10:22.18,0:10:24.41,622.18,27438137,624.41,27536481
Tamaki,120,0:10:26.58,0:10:29.10,626.58,27632178,629.1,27743310
Tamaki,122,0:10:33.04,0:10:35.04,633.04,27917064,635.04,28005264
Tamaki,124,0:10:35.27,0:11:00.25,635.27,28015407,660.25,29117025
Tamaki,133,0:11:00.58,0:11:11.78,660.58,29131578,671.78,29625498
Tamaki,140,0:11:20.81,0:11:34.01,680.81,30023720,694.01,30605841
Tamaki,146,0:11:40.12,0:12:01.95,700.12,30875292,721.95,31837995
Tamaki,155,0:12:06.41,0:12:12.30,726.41,32034681,732.3,32294429
Tamaki,158,0:12:16.47,0:12:25.84,736.47,32478327,745.84,32891544
Tamaki,161,0:12:26.70,0:12:33.55,746.7,32929470,753.55,33231554
Tamaki,165,0:12:35.67,0:12:41.90,755.67,33325047,761.9,33599790
Tamaki,169,0:12:45.27,0:13:10.64,765.27,33748407,790.64,34867224
Tamaki,178,0:13:12.01,0:13:22.52,792.01,34927641,802.52,35391132
Tamaki,184,0:13:23.84,0:13:32.30,803.84,35449344,812.3,35822430
Tamaki,188,0:13:34.30,0:13:38.64,814.3,35910630,818.64,36102024
Tamaki,192,0:13:43.15,0:13:53.21,823.15,36300915,833.21,36744561
Tamaki,197,0:13:58.98,0:14:00.18,838.98,36999018,840.18,37051938
Tamaki,200,0:14:05.90,0:14:08.58,845.9,37304190,848.58,37422378
Tamaki,203,0:14:11.65,0:14:25.45,851.65,37557765,865.45,38166345
Tamaki,208,0:14:29.72,0:14:32.47,869.72,38354652,872.47,38475927
Tamaki,215,0:14:54.92,0:14:57.04,894.92,39465972,897.04,39559464
Tamaki,217,0:15:01.67,0:15:12.18,901.67,39763647,912.18,40227138
Tamaki,223,0:15:15.45,0:15:19.38,915.45,40371345,919.38,40544658
Tamaki,227,0:15:22.30,0:15:24.81,922.3,40673430,924.81,40784121
Tamaki,231,0:15:31.21,0:15:36.24,931.21,41066361,936.24,41288184
Tamaki,236,0:15:40.18,0:15:44.98,940.18,41461938,944.98,41673618
Tamaki,241,0:15:48.18,0:15:49.15,948.18,41814738,949.15,41857515
Tamaki,243,0:15:50.30,0:15:54.78,950.3,41908230,954.78,42105798
Tamaki,246,0:15:57.95,0:15:59.25,957.95,42245595,959.25,42302925
Tamaki,253,0:16:20.95,0:16:24.40,980.95,43259895,984.4,43412040
Tamaki,255,0:16:30.25,0:16:33.65,990.25,43670025,993.65,43819965
Tamaki,257,0:16:41.15,0:16:42.35,1001.15,44150715,1002.35,44203635
Tamaki,259,0:16:44.25,0:17:04.70,1004.25,44287425,1024.7,45189270
Tamaki,267,0:17:17.15,0:17:18.90,1037.15,45738315,1038.9,45815490
Tamaki,270,0:17:21.60,0:17:22.90,1041.6,45934559,1042.9,45991890
Tamaki,273,0:17:28.90,0:17:31.15,1048.9,46256490,1051.15,46355715
Tamaki,275,0:17:32.90,0:17:40.60,1052.9,46432890,1060.6,46772459
Tamaki,279,0:17:42.55,0:17:43.70,1062.55,46858455,1063.7,46909170
Tamaki,281,0:17:45.05,0:17:47.90,1065.05,46968705,1067.9,47094390
Tamaki,284,0:17:58.60,0:18:01.30,1078.6,47566259,1081.3,47685330
Tamaki,286,0:18:07.05,0:18:10.90,1087.05,47938905,1090.9,48108690
Tamaki,287,0:18:11.95,0:18:18.40,1091.95,48154995,1098.4,48439440
Tamaki,292,0:18:27.40,0:18:31.70,1107.4,48836340,1111.7,49025970
Tamaki,294,0:18:33.85,0:18:39.70,1113.85,49120784,1119.7,49378770
Tamaki,298,0:18:48.25,0:18:50.25,1128.25,49755825,1130.25,49844025
Tamaki,300,0:18:53.40,0:18:54.95,1133.4,49982940,1134.95,50051295
Tamaki,302,0:18:58.65,0:19:04.70,1138.65,50214465,1144.7,50481270
Tamaki,305,0:19:07.20,0:19:11.95,1147.2,50591520,1151.95,50800995
Tamaki,313,0:19:30.40,0:19:32.05,1170.4,51614640,1172.05,51687405
Tamaki,316,0:19:34.00,0:19:40.35,1174.0,51773400,1180.35,52053434
Tamaki,318,0:19:46.20,0:19:54.30,1186.2,52311420,1194.3,52668630
Tamaki,323,0:20:01.85,0:20:08.30,1201.85,53001584,1208.3,53286030
Tamaki,328,0:20:24.60,0:20:28.45,1224.6,54004859,1228.45,54174645
Tamaki,331,0:20:31.50,0:20:37.60,1231.5,54309150,1237.6,54578159
Tamaki,334,0:20:43.45,0:20:46.65,1243.45,54836145,1246.65,54977265
Tamaki,336,0:20:48.30,0:20:53.85,1248.3,55050030,1253.85,55294784
Tamaki,338,0:20:57.40,0:21:04.40,1257.4,55451340,1264.4,55760040
Tamaki,343,0:21:14.70,0:21:23.60,1274.7,56214270,1283.6,56606759
Tamaki,348,0:21:27.00,0:21:29.55,1287.0,56756700,1289.55,56869155
Tamaki,356,0:21:43.25,0:21:47.55,1303.25,57473325,1307.55,57662955
Tamaki,359,0:21:55.40,0:22:00.75,1315.4,58009140,1320.75,58245075
Tamaki,362,0:22:06.60,0:22:19.30,1326.6,58503059,1339.3,59063130
Tamaki,367,0:22:19.85,0:22:27.80,1339.85,59087384,1347.8,59437980
Tamaki,371,0:22:31.90,0:22:34.30,1351.9,59618790,1354.3,59724630
Tamaki,374,0:22:39.95,0:22:42.50,1359.95,59973795,1362.5,60086250
Tamaki,376,0:22:46.50,0:22:53.15,1366.5,60262650,1373.15,60555915
Tamaki,378,0:22:53.80,0:23:01.20,1373.8,60584580,1381.2,60910920
Tamaki,383,0:23:09.95,0:23:16.85,1389.95,61296795,1396.85,61601084
Tamaki,388,0:23:26.25,0:23:28.10,1406.25,62015625,1408.1,62097209
Tamaki,391,0:23:31.55,0:23:36.55,1411.55,62249355,1416.55,62469855
Tamaki,394,0:23:38.55,0:23:43.90,1418.55,62558055,1423.9,62793990
Tamaki,399,0:23:50.75,0:23:55.00,1430.75,63096075,1435.0,63283500
Tamaki,402,0:23:58.70,0:24:13.90,1438.7,63446670,1453.9,64116990
Tamaki,406,0:24:18.15,0:24:25.00,1458.15,64304415,1465.0,64606500
Tamaki,410,0:24:27.80,0:24:30.10,1467.8,64729980,1470.1,64831409
Tamaki,412,0:24:32.90,0:24:35.35,1472.9,64954890,1475.35,65062934
Tamaki,414,0:24:42.55,0:24:45.35,1482.55,65380455,1485.35,65503934
Tamaki,416,0:24:49.45,0:24:56.50,1489.45,65684745,1496.5,65995650
Tamaki,420,0:24:59.20,0:25:11.30,1499.2,66114720,1511.3,66648330
Tamaki,425,0:25:17.50,0:25:22.80,1517.5,66921750,1522.8,67155480
Tamaki,428,0:25:25.00,0:25:28.00,1525.0,67252500,1528.0,67384800
Tamaki,432,0:25:38.30,0:25:40.40,1538.3,67839030,1540.4,67931640
Tamaki,434,0:25:43.15,0:25:46.10,1543.15,68052915,1546.1,68183010
Tamaki,437,0:25:50.35,0:25:51.95,1550.35,68370435,1551.95,68440995
Tamaki,440,0:25:58.50,0:25:59.45,1558.5,68729850,1559.45,68771745
Tamaki,444,0:26:05.70,0:26:07.30,1565.7,69047370,1567.3,69117930
Tamaki,446,0:26:12.00,0:26:13.10,1572.0,69325200,1573.1,69373710
Tamaki,448,0:26:18.10,0:26:18.90,1578.1,69594210,1578.9,69629490
Tamaki,450,0:26:22.30,0:26:23.65,1582.3,69779430,1583.65,69838965
Tamaki,453,0:26:31.85,0:26:36.45,1591.85,70200585,1596.45,70403445
Tamaki,456,0:26:48.25,0:26:52.00,1608.25,70923825,1612.0,71089200
Tamaki,457,0:26:53.90,0:26:56.45,1613.9,71172990,1616.45,71285445
Tamaki,460,0:27:06.80,0:27:15.55,1626.8,71741880,1635.55,72127755
Tamaki,463,0:27:17.65,0:27:27.20,1637.65,72220365,1647.2,72641520
Tamaki,468,0:27:32.05,0:27:37.70,1652.05,72855405,1657.7,73104570
Tamaki,473,0:27:44.05,0:27:53.00,1664.05,73384605,1673.0,73779300
Tamaki,476,0:27:56.60,0:27:59.85,1676.6,73938060,1679.85,74081385
Tamaki,478,0:28:00.35,0:28:03.65,1680.35,74103435,1683.65,74248965
Tamaki,480,0:28:04.40,0:28:10.25,1684.4,74282040,1690.25,74540025
Tamaki,484,0:28:12.65,0:28:14.85,1692.65,74645865,1694.85,74742885
Tamaki,486,0:28:20.20,0:28:24.05,1700.2,74978820,1704.05,75148605
Tamaki,488,0:28:26.00,0:28:29.35,1706.0,75234600,1709.35,75382335
Tamaki,490,0:28:31.60,0:28:50.00,1711.6,75481560,1730.0,76293000
Tamaki,497,0:28:51.55,0:28:58.75,1731.55,76361355,1738.75,76678875
Tamaki,501,0:29:00.50,0:29:04.20,1740.5,76756050,1744.2,76919220
Tamaki,515,0:29:32.05,0:29:33.85,1772.05,78147405,1773.85,78226785
Tamaki,518,0:29:38.55,0:29:41.70,1778.55,78434055,1781.7,78572970
Tamaki,520,0:29:46.95,0:29:51.80,1786.95,78804495,1791.8,79018380
Tamaki,523,0:29:53.55,0:29:54.95,1793.55,79095555,1794.95,79157295
Tamaki,525,0:29:58.40,0:30:01.30,1798.4,79309440,1801.3,79437330
Tamaki,535,0:30:34.15,0:30:35.95,1834.15,80886015,1835.95,80965395
Tamaki,539,0:30:51.10,0:30:54.00,1851.1,81633510,1854.0,81761400
Tamaki,541,0:30:57.60,0:30:59.30,1857.6,81920160,1859.3,81995130
Tamaki,543,0:31:02.60,0:31:03.70,1862.6,82140660,1863.7,82189170
Tamaki,545,0:31:05.30,0:31:11.40,1865.3,82259730,1871.4,82528740
Tamaki,547,0:31:13.35,0:31:19.00,1873.35,82614735,1879.0,82863900
Tamaki,550,0:31:24.60,0:31:27.10,1884.6,83110860,1887.1,83221110
Tamaki,552,0:31:33.45,0:31:36.00,1893.45,83501145,1896.0,83613600
Tamaki,556,0:31:44.00,0:31:45.65,1904.0,83966400,1905.65,84039165
Tamaki,559,0:31:54.10,0:31:56.75,1914.1,84411810,1916.75,84528675
Tamaki,561,0:31:59.70,0:32:01.60,1919.7,84658770,1921.6,84742560
Tamaki,563,0:32:02.55,0:32:09.20,1922.55,84784455,1929.2,85077720
Tamaki,566,0:32:11.20,0:32:14.65,1931.2,85165920,1934.65,85318065
Tamaki,578,0:32:50.95,0:32:52.20,1970.95,86918895,1972.2,86974020
Tamaki,580,0:32:54.65,0:32:56.05,1974.65,87082065,1976.05,87143805
Tamaki,582,0:32:58.65,0:33:00.40,1978.65,87258465,1980.4,87335640
Tamaki,584,0:33:01.70,0:33:05.70,1981.7,87392970,1985.7,87569370
Tamaki,586,0:33:11.70,0:33:13.00,1991.7,87833970,1993.0,87891300
Tamaki,589,0:33:18.55,0:33:19.95,1998.55,88136055,1999.95,88197795
Tamaki,592,0:33:28.15,0:33:31.45,2008.15,88559415,2011.45,88704945
Tamaki,595,0:33:39.10,0:33:44.40,2019.1,89042310,2024.4,89276040
Tamaki,597,0:33:46.75,0:33:50.25,2026.75,89379675,2030.25,89534025
Tamaki,601,0:33:57.80,0:33:59.65,2037.8,89866980,2039.65,89948565
Tamaki,603,0:34:03.05,0:34:15.55,2043.05,90098505,2055.55,90649755
Tamaki,606,0:34:18.40,0:34:20.80,2058.4,90775440,2060.8,90881280
Tamaki,612,0:34:42.30,0:34:44.05,2082.3,91829430,2084.05,91906605
Tamaki,614,0:34:46.70,0:34:49.75,2086.7,92023469,2089.75,92157975
Tamaki,620,0:35:06.80,0:35:08.15,2106.8,92909880,2108.15,92969415
Tamaki,622,0:35:13.45,0:35:16.65,2113.45,93203144,2116.65,93344265
Tamaki,625,0:35:21.80,0:35:24.50,2121.8,93571380,2124.5,93690450
Tamaki,627,0:35:29.05,0:35:30.25,2129.05,93891105,2130.25,93944025
Tamaki,630,0:35:38.00,0:35:42.45,2138.0,94285800,2142.45,94482044
Tamaki,632,0:35:45.30,0:35:48.15,2145.3,94607730,2148.15,94733415
Tamaki,634,0:35:55.80,0:35:57.20,2155.8,95070780,2157.2,95132519
Tamaki,636,0:36:00.65,0:36:01.70,2160.65,95284665,2161.7,95330969
Tamaki,638,0:36:05.85,0:36:09.35,2165.85,95513985,2169.35,95668335
Tamaki,641,0:36:16.90,0:36:19.10,2176.9,96001290,2179.1,96098310
Tamaki,643,0:36:22.25,0:36:28.85,2182.25,96237225,2188.85,96528285
Tamaki,647,0:36:33.25,0:36:37.85,2193.25,96722325,2197.85,96925185
Tamaki,649,0:36:39.85,0:36:41.85,2199.85,97013385,2201.85,97101585
Tamaki,651,0:36:42.95,0:37:08.90,2202.95,97150094,2228.9,98294490
Tamaki,661,0:37:12.30,0:37:14.90,2232.3,98444430,2234.9,98559090
Tamaki,663,0:37:23.60,0:37:26.75,2243.6,98942760,2246.75,99081675
Tamaki,665,0:37:29.20,0:37:31.90,2249.2,99189719,2251.9,99308790
Tamaki,668,0:37:35.30,0:37:43.20,2255.3,99458730,2263.2,99807119
Tamaki,672,0:37:47.75,0:37:53.05,2267.75,100007775,2273.05,100241505
Tamaki,675,0:37:54.95,0:38:10.35,2274.95,100325294,2290.35,101004435
Tamaki,681,0:38:13.35,0:38:17.25,2293.35,101136735,2297.25,101308725
Tamaki,684,0:38:19.95,0:38:24.60,2299.95,101427794,2304.6,101632860
Tamaki,686,0:38:35.55,0:38:37.45,2315.55,102115755,2317.45,102199544
Tamaki,690,0:38:52.10,0:38:55.10,2332.1,102845610,2335.1,102977910
Tamaki,692,0:38:58.30,0:39:03.10,2338.3,103119030,2343.1,103330710
Tamaki,694,0:39:07.85,0:39:12.20,2347.85,103540185,2352.2,103732019
Tamaki,697,0:39:20.05,0:39:22.80,2360.05,104078205,2362.8,104199480
Tamaki,698,0:39:23.10,0:39:43.55,2363.1,104212710,2383.55,105114555
Tamaki,705,0:39:52.65,0:39:54.35,2392.65,105515865,2394.35,105590835
Tamaki,709,0:40:05.00,0:40:06.40,2405.0,106060500,2406.4,106122240
Tamaki,711,0:40:09.30,0:40:19.60,2409.3,106250130,2419.6,106704360
Tamaki,716,0:40:35.60,0:40:38.15,2435.6,107409960,2438.15,107522415
Tamaki,718,0:40:39.20,0:40:48.25,2439.2,107568719,2448.25,107967825
Tamaki,721,0:40:52.25,0:40:56.70,2452.25,108144225,2456.7,108340469
Tamaki,725,0:41:08.85,0:41:12.05,2468.85,108876285,2472.05,109017405
Tamaki,728,0:41:23.15,0:41:24.90,2483.15,109506915,2484.9,109584090
Tamaki,731,0:41:31.15,0:41:33.95,2491.15,109859715,2493.95,109983194
Tamaki,733,0:41:35.85,0:41:38.45,2495.85,110066985,2498.45,110181644
Tamaki,736,0:41:43.80,0:41:48.55,2503.8,110417580,2508.55,110627055
Tamaki,740,0:41:57.35,0:41:59.35,2517.35,111015135,2519.35,111103335
Tamaki,746,0:42:21.55,0:42:23.15,2541.55,112082355,2543.15,112152915
Tamaki,748,0:42:26.50,0:42:27.50,2546.5,112300650,2547.5,112344750
Tamaki,750,0:42:28.10,0:42:29.70,2548.1,112371210,2549.7,112441769
Tamaki,752,0:42:32.25,0:43:08.40,2552.25,112554225,2588.4,114148440
Tamaki,764,0:43:11.35,0:43:14.05,2591.35,114278535,2594.05,114397605
Tamaki,766,0:43:16.60,0:43:18.95,2596.6,114510060,2598.95,114613694
Tamaki,776,0:43:58.65,0:44:00.40,2638.65,116364465,2640.4,116441640
Tamaki,781,0:44:20.20,0:44:22.00,2660.2,117314819,2662.0,117394200
Tamaki,783,0:44:25.00,0:44:27.25,2665.0,117526500,2667.25,117625725
Tamaki,785,0:44:29.05,0:44:32.95,2669.05,117705105,2672.95,117877094
Tamaki,788,0:44:39.25,0:44:44.80,2679.25,118154925,2684.8,118399680
Tamaki,794,0:45:03.15,0:45:05.45,2703.15,119208915,2705.45,119310344
Tamaki,796,0:45:07.60,0:45:09.15,2707.6,119405160,2709.15,119473515
Tamaki,798,0:45:10.25,0:45:13.10,2710.25,119522025,2713.1,119647710
Tamaki,801,0:45:21.45,0:45:24.65,2721.45,120015944,2724.65,120157065
Tamaki,803,0:45:27.35,0:45:33.50,2727.35,120276135,2733.5,120547350
Tamaki,805,0:45:39.75,0:45:42.15,2739.75,120822975,2742.15,120928815
Tamaki,808,0:45:45.05,0:45:47.45,2745.05,121056705,2747.45,121162544
Tamaki,810,0:45:50.20,0:46:07.35,2750.2,121283819,2767.35,122040135
Tamaki,818,0:46:20.75,0:46:23.95,2780.75,122631075,2783.95,122772194
Tamaki,821,0:46:30.60,0:46:37.45,2790.6,123065460,2797.45,123367544
Tamaki,824,0:46:38.60,0:46:40.50,2798.6,123418260,2800.5,123502050
Tamaki,827,0:46:47.45,0:46:49.50,2807.45,123808544,2809.5,123898950
Tamaki,830,0:47:02.45,0:47:08.85,2822.45,124470044,2828.85,124752285
Tamaki,836,0:47:19.25,0:47:25.55,2839.25,125210925,2845.55,125488755
Tamaki,839,0:47:28.25,0:47:30.50,2848.25,125607825,2850.5,125707050
Tamaki,841,0:47:32.25,0:47:36.65,2852.25,125784225,2856.65,125978265
Tamaki,846,0:47:47.10,0:47:49.50,2867.1,126439110,2869.5,126544950
Tamaki,849,0:47:54.75,0:48:02.65,2874.75,126776475,2882.65,127124865
Tamaki,852,0:48:09.45,0:48:11.90,2889.45,127424744,2891.9,127532790
Tamaki,854,0:48:15.80,0:48:23.10,2895.8,127704780,2903.1,128026710
Tamaki,857,0:48:27.75,0:48:30.15,2907.75,128231775,2910.15,128337615
Tamaki,858,0:48:34.55,0:48:54.05,2914.55,128531655,2934.05,129391605
Tamaki,863,0:48:56.75,0:49:01.50,2936.75,129510675,2941.5,129720150
Tamaki,866,0:49:10.15,0:49:17.00,2950.15,130101615,2957.0,130403700
Tamaki,868,0:49:21.50,0:49:27.45,2961.5,130602150,2967.45,130864544
Tamaki,872,0:49:29.35,0:49:33.85,2969.35,130948335,2973.85,131146785
Tamaki,876,0:49:48.50,0:49:52.05,2988.5,131792850,2992.05,131949405
Tamaki,878,0:49:59.95,0:50:03.65,2999.95,132297794,3003.65,132460965
Tamaki,880,0:50:07.00,0:50:08.75,3007.0,132608700,3008.75,132685875
Tamaki,882,0:50:13.60,0:50:15.95,3013.6,132899760,3015.95,133003394
Tamaki,884,0:50:21.30,0:50:23.10,3021.3,133239330,3023.1,133318710
Tamaki,888,0:50:28.25,0:50:30.90,3028.25,133545825,3030.9,133662690
Tamaki,895,0:50:43.85,0:50:46.35,3043.85,134233785,3046.35,134344035
Tamaki,899,0:50:58.50,0:50:59.50,3058.5,134879850,3059.5,134923950
Tamaki,901,0:51:02.05,0:51:03.90,3062.05,135036405,3063.9,135117990
Tamaki,903,0:51:09.00,0:51:11.45,3069.0,135342900,3071.45,135450945
Tamaki,905,0:51:15.80,0:51:18.00,3075.8,135642780,3078.0,135739800
Tamaki,911,0:51:36.70,0:51:40.10,3096.7,136564470,3100.1,136714410
Tamaki,913,0:51:43.50,0:51:47.20,3103.5,136864350,3107.2,137027520
Tamaki,918,0:52:07.95,0:52:09.70,3127.95,137942595,3129.7,138019770
Tamaki,921,0:52:15.85,0:52:19.60,3135.85,138290985,3139.6,138456360
Tamaki,924,0:52:20.75,0:52:22.85,3140.75,138507075,3142.85,138599685
Tamaki,926,0:52:25.10,0:52:27.35,3145.1,138698910,3147.35,138798135
Tamaki,928,0:52:28.65,0:52:30.45,3148.65,138855465,3150.45,138934845
Tamaki,929,0:52:32.65,0:52:37.40,3152.65,139031865,3157.4,139241340
Tamaki,931,0:52:39.90,0:53:04.20,3159.9,139351590,3184.2,140423220
Tamaki,939,0:53:16.30,0:53:17.70,3196.3,140956830,3197.7,141018570
Tamaki,941,0:53:22.05,0:53:23.25,3202.05,141210405,3203.25,141263325
Tamaki,945,0:53:28.55,0:53:31.05,3208.55,141497055,3211.05,141607305
Tamaki,947,0:53:31.90,0:53:32.95,3211.9,141644790,3212.95,141691095
Tamaki,954,0:53:46.15,0:53:48.86,3226.15,142273215,3228.86,142392726
Tamaki,966,0:54:13.08,0:54:14.86,3253.08,143460828,3254.86,143539326
Tamaki,970,0:54:22.02,0:54:24.10,3262.02,143855082,3264.1,143946810
Tamaki,972,0:54:28.73,0:54:30.33,3268.73,144150993,3270.33,144221553
Tamaki,974,0:54:32.46,0:54:34.50,3272.46,144315486,3274.5,144405450
Tamaki,976,0:54:36.99,0:54:40.55,3276.99,144515259,3280.55,144672255
Tamaki,986,0:55:05.55,0:55:09.10,3305.55,145774755,3309.1,145931310
Tamaki,989,0:55:13.45,0:55:18.40,3313.45,146123145,3318.4,146341440
Tamaki,994,0:55:27.60,0:55:29.85,3327.6,146747160,3329.85,146846385
Tamaki,996,0:55:34.00,0:55:35.75,3334.0,147029400,3335.75,147106575
Tamaki,998,0:55:39.20,0:55:42.05,3339.2,147258720,3342.05,147384405
Tamaki,1000,0:55:45.90,0:55:47.30,3345.9,147554190,3347.3,147615930
Tamaki,1003,0:55:53.60,0:55:55.45,3353.6,147893760,3355.45,147975345
Tamaki,1008,0:56:07.35,0:56:15.35,3367.35,148500135,3375.35,148852935
Tamaki,1012,0:56:18.70,0:56:30.45,3378.7,149000670,3390.45,149518845
Tamaki,1019,0:56:36.95,0:56:41.60,3396.95,149805495,3401.6,150010560
Tamaki,1021,0:56:42.80,0:56:46.70,3402.8,150063480,3406.7,150235470
Tamaki,1024,0:56:51.65,0:56:55.85,3411.65,150453765,3415.85,150638985
Tamaki,1027,0:56:58.15,0:57:16.20,3418.15,150740415,3436.2,151536420
Tamaki,1036,0:57:23.65,0:57:31.85,3443.65,151864965,3451.85,152226585
Tamaki,1045,0:57:56.75,0:58:10.70,3476.75,153324675,3490.7,153939870
Tamaki,1049,0:58:13.95,0:58:18.75,3493.95,154083195,3498.75,154294875
Tamaki,1054,0:58:35.70,0:58:37.95,3515.7,155042370,3517.95,155141595
Tamaki,1064,0:59:16.80,0:59:19.45,3556.8,156854880,3559.45,156971745
Tamaki,1067,0:59:22.25,0:59:26.50,3562.25,157095225,3566.5,157282650
Tamaki,1069,0:59:30.80,0:59:32.10,3570.8,157472280,3572.1,157529610
Tamaki,1071,0:59:34.40,0:59:35.70,3574.4,157631040,3575.7,157688370
Tamaki,1073,0:59:37.30,0:59:39.15,3577.3,157758930,3579.15,157840515
Tamaki,1076,0:59:44.95,0:59:47.20,3584.95,158096295,3587.2,158195520
Tamaki,1078,0:59:54.25,0:59:56.15,3594.25,158506425,3596.15,158590215
Tamaki,1080,0:59:57.40,0:59:59.30,3597.4,158645340,3599.3,158729130
Tamaki,1083,1:00:05.30,1:00:09.05,3605.3,158993730,3609.05,159159105
Tamaki,1085,1:00:10.85,1:00:14.65,3610.85,159238485,3614.65,159406065
Tamaki,1087,1:00:18.15,1:00:21.85,3618.15,159560415,3621.85,159723585
Tamaki,1089,1:00:23.55,1:00:26.60,3623.55,159798555,3626.6,159933060
Tamaki,1092,1:00:31.20,1:00:56.05,3631.2,160135920,3656.05,161231805
Tamaki,1100,1:01:01.15,1:01:04.80,3661.15,161456715,3664.8,161617680
Tamaki,1102,1:01:08.35,1:01:13.95,3668.35,161774235,3673.95,162021195
Tamaki,1106,1:01:21.05,1:01:26.30,3681.05,162334305,3686.3,162565830
Tamaki,1109,1:01:30.75,1:01:34.70,3690.75,162762075,3694.7,162936270
Tamaki,1112,1:01:41.60,1:01:47.75,3701.6,163240560,3707.75,163511775
Tamaki,1115,1:01:50.60,1:01:59.50,3710.6,163637460,3719.5,164029950
Tamaki,1117,1:02:03.30,1:02:04.70,3723.3,164197530,3724.7,164259270
